,Date - Time,Latitude,Longitude,Depth (km),Magnitude,Location
1,31 Jan 2017 - 11:55 PM,5.13,126.1,14.0,3.5,073 km S 67° E of Sarangani (Davao Occidental)
2,31 Jan 2017 - 11:42 PM,9.82,125.5,37.0,2.5,003 km N 16° E of Surigao City (Surigao Del Norte)
3,31 Jan 2017 - 05:17 PM,9.23,122.57,19.0,3.7,022 km S 21° W of Basay (Negros Oriental)
4,31 Jan 2017 - 05:26 AM,8.78,123.27,14.0,2.0,022 km N 20° W of Dipolog City (Zamboanga del Norte)
5,31 Jan 2017 - 05:19 AM,13.72,120.56,117.0,2.3,015 km S 33° W of Calatagan (Batangas)
6,31 Jan 2017 - 04:32 AM,5.2,126.1,55.0,3.2,074 km S 69° E of Sarangani (Davao Occidental)
7,31 Jan 2017 - 02:34 AM,9.98,122.24,19.0,2.7,042 km N 89° W of Cauayan (Negros Occidental)
8,30 Jan 2017 - 11:19 PM,5.91,125.29,18.0,1.8,007 km S 05° E of Malapatan (Sarangani)
9,30 Jan 2017 - 11:16 PM,9.87,124.12,34.0,2.0,006 km S 28° E of Sagbayan (Bohol)
10,30 Jan 2017 - 10:33 PM,13.52,124.58,20.0,2.5,028 km S 56° E of Baras (Catanduanes)
11,30 Jan 2017 - 08:40 PM,5.71,126.44,1.0,3.5,093 km S 78° E of Jose Abad Santos (Davao Occidental)
12,30 Jan 2017 - 08:15 PM,14.0,120.4,115.0,2.7,026 km S 70° W of Nasugbu (Batangas)
13,30 Jan 2017 - 11:49 AM,10.9,124.61,1.0,2.4,008 km S 80° E of Merida (Leyte)
14,30 Jan 2017 - 10:43 AM,9.9,126.14,27.0,4.9,015 km S 29° E of Burgos (Surigao Del Norte)
15,30 Jan 2017 - 09:28 AM,7.95,126.81,16.0,3.8,050 km N 34° E of Baganga (Davao Oriental)
16,30 Jan 2017 - 06:05 AM,4.19,125.84,14.0,2.8,143 km S 16° E of Sarangani (Davao Occidental)
17,30 Jan 2017 - 03:00 AM,17.52,122.31,25.0,2.1,019 km N 02° E of Divilacan (Isabela)
18,30 Jan 2017 - 02:12 AM,5.7,126.31,54.0,2.4,080 km S 76° E of Jose Abad Santos (Davao Occidental)
19,30 Jan 2017 - 01:06 AM,14.07,120.42,102.0,2.6,022 km S 86° W of Nasugbu (Batangas)
20,29 Jan 2017 - 10:57 PM,14.01,120.46,115.0,2.5,020 km S 67° W of Nasugbu (Batangas)
21,29 Jan 2017 - 10:55 PM,8.8,124.45,8.0,3.0,026 km N 12° E of Libertad (Misamis Oriental)
22,29 Jan 2017 - 09:30 PM,13.94,122.45,28.0,2.1,005 km N 03° W of Guinayangan (Quezon)
23,29 Jan 2017 - 06:41 PM,13.8,120.91,29.0,2.3,006 km N 29° W of Mabini (Batangas)
24,29 Jan 2017 - 04:33 PM,9.64,125.3,1.0,3.0,012 km N 79° W of Malimono (Surigao Del Norte)
25,29 Jan 2017 - 01:19 PM,9.78,126.28,12.0,2.8,014 km S 87° E of General Luna (Surigao Del Norte)
26,29 Jan 2017 - 01:06 PM,9.83,126.38,12.0,3.9,025 km N 78° E of General Luna (Surigao Del Norte)
27,29 Jan 2017 - 12:50 PM,3.7,126.91,140.0,3.2,249 km S 40° E of Sarangani (Davao Occidental)
28,29 Jan 2017 - 09:33 AM,6.39,125.43,18.0,2.4,018 km S 14° W of Santa Maria (Davao Occidental)
29,29 Jan 2017 - 07:51 AM,6.06,126.27,15.0,2.7,069 km S 18° E of Governor Generoso (Davao Oriental)
30,29 Jan 2017 - 07:26 AM,6.06,126.26,16.0,2.8,073 km N 75° E of Jose Abad Santos (Davao Occidental)
31,29 Jan 2017 - 07:17 AM,9.93,124.12,35.0,2.0,003 km N 65° E of Sagbayan (Bohol)
32,29 Jan 2017 - 05:55 AM,9.91,126.25,5.0,3.0,017 km N 36° E of General Luna (Surigao del Norte)
33,28 Jan 2017 - 09:03 PM,9.19,123.1,27.0,2.9,024 km S 57° W of Dumaguete City
34,28 Jan 2017 - 07:37 PM,7.19,126.52,144.0,2.2,003 km S 37° W of Manay (Davao Oriental)
35,28 Jan 2017 - 03:08 PM,9.95,126.37,13.0,2.9,034 km S 77° E of Burgos (Surigao del Norte)
36,28 Jan 2017 - 11:43 AM,5.19,126.48,38.0,3.2,115 km S 77° E of Sarangani (Davao Occidental)
37,28 Jan 2017 - 11:23 AM,6.64,126.02,148.0,2.9,007 km S 78° W of Governor Generoso (Davao Oriental)
38,28 Jan 2017 - 10:43 AM,9.8,125.83,110.0,3.6,017 km S 65° W of Del Carmen (Surigao Del Norte)
39,28 Jan 2017 - 04:19 AM,5.52,127.61,67.0,3.7,211 km S 54° E of Governor Generoso (Davao Oriental)
40,28 Jan 2017 - 03:55 AM,13.81,120.01,34.0,2.4,013 km S 65° W of Lubang (Occidental Mindoro)
41,28 Jan 2017 - 01:19 AM,10.69,125.8,33.0,2.4,039 km S 12° E of Guiuan (Eastern Samar)
42,27 Jan 2017 - 11:34 PM,14.36,121.1,30.0,1.9,003 km N 42° E of Biñan (Laguna)
43,27 Jan 2017 - 10:54 PM,9.44,126.22,31.0,2.0,018 km N 09° E of Cortes (Surigao Del Norte)
44,27 Jan 2017 - 08:07 PM,13.68,120.65,82.0,2.9,020 km S 07° E of Calatagan (Batangas)
45,27 Jan 2017 - 06:13 PM,11.88,125.38,30.0,3.3,031 km N 11° W of Borongan (Eastern Samar)
46,27 Jan 2017 - 06:08 PM,6.04,126.4,52.0,3.0,077 km S 28° E of Governor Generoso (Davao Oriental)
47,27 Jan 2017 - 01:29 PM,19.96,125.21,8.0,2.4,012 km S 28° E of San Francisco (Southern Leyte)
48,27 Jan 2017 - 06:54 AM,13.65,120.04,1.0,3.2,024 km S 70° W of Looc (Occidental Mindoro)
49,27 Jan 2017 - 04:49 AM,10.69,125.51,39.0,3.5,037 km N 11° W of Loreto (Dinagat)
50,27 Jan 2017 - 04:33 AM,13.62,121.28,23.0,1.9,008 km S 66° E of Lobo (Batangas)
51,27 Jan 2017 - 04:16 AM,6.6,125.89,22.0,3.3,021 km S 75° W of Governor Generoso (Davao Oriental)
52,27 Jan 2017 - 03:30 AM,13.67,120.95,12.0,2.5,010 km S 07° E of Mabini (Batangas)
53,27 Jan 2017 - 03:19 AM,13.77,120.91,29.0,2.0,004 km N 53° W of Mabini (Batangas)
54,27 Jan 2017 - 03:11 AM,13.8,120.92,30.0,2.2,005 km N 21° W of Mabini (Batangas)
55,27 Jan 2017 - 02:54 AM,13.61,120.89,17.0,2.2,016 km S 18° W of Mabini (Batangas)
56,27 Jan 2017 - 02:07 AM,10.11,125.06,17.0,2.2,008 km S 54° W of Liloan (Southern Leyte)
57,26 Jan 2017 - 10:46 PM,10.38,125.1,3.0,2.9,011 km N 28° E of Libagon (Southern Leyte)
58,26 Jan 2017 - 07:00 PM,7.64,125.5,23.0,2.2,017 km N 60° W of Kapalong (Davao Del Norte)
59,26 Jan 2017 - 05:11 PM,7.54,122.26,6.0,1.9,013 km S 71° E of Sirawai (Zamboanga Del Norte)
60,26 Jan 2017 - 04:29 PM,6.04,126.21,6.0,2.6,059 km S 73° E of Don Marcelino (Davao Occidental)
61,26 Jan 2017 - 07:20 AM,20.02,121.57,38.0,3.0,047 km S 41° W of Sabtang (Batanes)
62,26 Jan 2017 - 07:04 AM,8.96,123.04,5.0,2.3,012 km S 03° E of Siaton (Negros Oriental)
63,25 Jan 2017 - 08:00 PM,13.67,120.61,117.0,2.7,018 km S 06° W of Calatagan (Batangas)
64,25 Jan 2017 - 05:58 PM,15.39,119.17,7.0,2.2,078 km S 86° W of Palauig (Zambales)
65,25 Jan 2017 - 03:35 AM,12.35,125.32,17.0,2.6,004 km S 31° E of Gamay (Northern Samar)
66,25 Jan 2017 - 02:52 AM,6.81,126.75,40.0,4.0,043 km S 53° E of Tarragona (Davao Oriental)
67,24 Jan 2017 - 08:43 PM,9.57,122.11,25.0,3.6,042 km N 89° W of Hinoba-an (Negros Occidental)
68,24 Jan 2017 - 07:47 PM,13.12,124.77,20.0,2.0,063 km N 84° E of Prieto Diaz (Sorsogon)
69,24 Jan 2017 - 01:56 PM,9.82,124.97,18.0,2.6,016 km S 47° W of Limasawa (Leyte)
70,24 Jan 2017 - 01:45 PM,10.03,124.16,33.0,1.9,020 km N 75° W of San Miguel (Bohol)
71,24 Jan 2017 - 01:06 PM,12.62,123.48,8.0,2.5,032 km N 22° W of Masbate (Masbate)
72,24 Jan 2017 - 01:01 PM,11.52,125.53,44.0,2.0,004 km N 48° E of Maydolong (Eastern Samar)
73,24 Jan 2017 - 02:56 AM,10.87,124.63,18.0,2.7,008 km S 54° W of Albuera (Leyte)
74,24 Jan 2017 - 02:17 AM,13.88,120.26,195.0,2.6,041 km N 83° W of Calatagan (Batangas)
75,24 Jan 2017 - 01:19 AM,8.54,122.65,24.0,2.0,046 km N 03° W of Liloy (Zamboanga Del Norte)
76,23 Jan 2017 - 11:09 PM,4.98,127.43,3.0,2.6,225 km S 63° E of Jose Abad Santos (Davao Occidental)
77,23 Jan 2017 - 10:02 PM,13.86,120.55,159.0,3.4,009 km N 70° W of Calatagan (Batangas)
78,23 Jan 2017 - 07:04 PM,12.48,124.61,13.0,2.0,004 km S 55° W of Catarman (Northern Samar)
79,23 Jan 2017 - 05:58 PM,10.31,124.89,4.0,2.3,020 km N 36° W of Malitbog (Southern Leyte)
80,23 Jan 2017 - 05:17 PM,11.19,124.36,10.0,3.4,004 km S 52° W of Villaba (Leyte)
81,23 Jan 2017 - 02:24 PM,13.67,120.27,20.0,2.0,006 km S 22° E of Looc (Occidental Mindoro)
82,23 Jan 2017 - 11:47 AM,10.06,124.92,6.0,2.2,012 km S 46° E of Maasin (Southern Leyte)
83,23 Jan 2017 - 11:06 AM,4.27,127.04,101.0,3.2,217 km S 53° E of Sarangani (Davao Occidental)
84,23 Jan 2017 - 10:50 AM,6.93,126.58,26.0,2.2,020 km S 49° E of Tarragona (Davao Oriental)
85,23 Jan 2017 - 10:25 AM,12.8,121.7,17.0,3.1,015 km S 08° W of Concepcion (Romblon)
86,23 Jan 2017 - 09:39 AM,6.31,126.9,27.0,3.0,091 km S 31° E of Tarragona (Davao Oriental)
87,23 Jan 2017 - 04:33 AM,8.75,121.96,35.0,2.6,098 km N 39° W of Labason (Zambaoanga Del Norte)
88,23 Jan 2017 - 03:53 AM,10.99,122.17,20.0,2.3,005 km S 78° E of Valderrama (Antique)
89,23 Jan 2017 - 02:40 AM,10.56,123.69,12.0,2.5,021 km N 18° E of Toledo City (Cebu)
90,23 Jan 2017 - 02:07 AM,7.53,126.01,53.0,2.9,010 km S 29° E of Nabunturan (Compostella Valley)
91,23 Jan 2017 - 02:00 AM,10.59,123.72,16.0,2.7,023 km N 12° E of Toledo City (Cebu)
92,23 Jan 2017 - 01:16 AM,12.25,125.56,15.0,3.0,010 km N 39° E of San Policarpo (Eastern Samar)
93,23 Jan 2017 - 12:42 AM,5.99,125.65,60.0,2.1,016 km N 65° W of Don Marcelino (Davao Occidental)
94,23 Jan 2017 - 12:35 AM,18.95,120.84,58.0,2.6,042 km N 07° E of Pagudpud (Ilocos Norte)
95,22 Jan 2017 - 09:18 PM,12.4,123.64,9.0,2.5,004 km N 25° E of Masbate (Masbate)
96,22 Jan 2017 - 09:11 PM,9.65,122.47,28.0,2.5,011 km N 19° W of Hinoba-an (Negros Occidental)
97,22 Jan 2017 - 06:57 PM,3.27,126.91,5.0,3.9,287 km S 34° E of Sarangani (Davao Occidental)
98,22 Jan 2017 - 04:32 PM,7.4,124.16,21.0,2.6,015 km S 17° E of Balabagan (Lanao Del Sur)
99,22 Jan 2017 - 04:32 PM,11.51,124.4,32.0,2.4,006 km S 12° E of Naval (Biliran)
100,22 Jan 2017 - 09:51 AM,10.67,123.56,33.0,2.1,034 km N 14° W of Toledo City (Cebu)
101,22 Jan 2017 - 07:45 AM,6.63,126.37,48.0,3.1,033 km S 86° E of Governor Generoso (Davao Oriental)
102,22 Jan 2017 - 01:34 AM,14.09,120.5,107.0,2.6,014 km N 84° W of Nasugbu (Batangas)
103,21 Jan 2017 - 11:34 PM,11.51,125.51,47.0,4.4,014 km S 38° E of Borongan (Eastern Samar)
104,21 Jan 2017 - 08:53 PM,9.15,125.57,14.0,2.3,004 km N 40° E of Cabadbaran (Agusan Del Norte)
105,21 Jan 2017 - 07:14 PM,6.38,125.96,24.0,2.1,033 km S 24° W of Governor Generoso (Davao Oriental)
106,21 Jan 2017 - 06:56 PM,13.87,122.5,31.0,2.0,056 km S 57° W of Daet (Camarines Sur)
107,21 Jan 2017 - 01:16 PM,2.53,128.23,91.0,5.6,444 km S 43° E of Sarangani (Davao Occidental)
108,21 Jan 2017 - 01:13 AM,4.47,125.82,13.0,2.4,113 km S 20° E of Sarangani (Davao Occidental)
109,20 Jan 2017 - 09:40 PM,8.78,126.53,31.0,2.8,025 km S 85° E of Marihatag (Surigao Del Sur)
110,20 Jan 2017 - 07:45 PM,11.22,124.36,7.0,2.3,003 km N 70° W of Villaba (Leyte)
111,20 Jan 2017 - 06:24 PM,8.8,126.62,14.0,3.1,035 km N 89° E of Marihatag (Surigao Del Sur)
112,20 Jan 2017 - 06:03 PM,9.77,123.89,32.0,2.1,001 km S 27° W of Antequera (Bohol)
113,20 Jan 2017 - 05:54 PM,19.8,122.97,22.0,2.6,127 km S 56° E of Basco (Batanes)
114,20 Jan 2017 - 05:19 PM,12.87,124.57,21.0,2.3,041 km N 10° W of Catarman (Northern Samar)
115,20 Jan 2017 - 03:09 PM,16.72,120.07,33.0,2.0,028 km N 66° W of San Fernando (La Union)
116,20 Jan 2017 - 03:01 PM,9.94,122.59,12.0,2.1,014 km N 02° W of Candoni (Negros Occidental)
117,20 Jan 2017 - 02:37 PM,16.36,120.59,31.0,2.0,005 km S 04° W of Baguio City (Benguet)
118,20 Jan 2017 - 12:58 PM,9.07,122.69,17.0,2.1,039 km S 08° E of Basay (Negros Oriental)
119,20 Jan 2017 - 12:29 PM,5.99,126.49,136.0,3.0,086 km S 32° E of Governor Generoso (Davao Oriental)
120,20 Jan 2017 - 11:54 AM,11.36,124.33,23.0,2.0,005 km S 26° W of Calubian (Leyte)
121,20 Jan 2017 - 11:43 AM,8.88,126.72,56.0,4.2,055 km N 78° E of Marihatag (Surigao Del Sur)
122,20 Jan 2017 - 10:14 AM,13.04,120.79,1.0,1.8,030 km S 45° E of Mamburao (Occidental Mindoro)
123,20 Jan 2017 - 05:53 AM,19.73,121.2,12.0,3.3,056 km N 29° W of Calayan (Cagayan)
124,20 Jan 2017 - 04:41 AM,19.69,121.17,14.0,3.3,055 km N 34° W of Calayan (Cagayan)
125,20 Jan 2017 - 03:59 AM,19.86,121.24,23.0,4.4,068 km N 20° W of Calayan (Cagayan)
126,20 Jan 2017 - 02:37 AM,9.98,126.34,21.0,2.3,042 km N 73° W of Del Carmen (Surigao del Norte)
127,20 Jan 2017 - 12:44 AM,13.55,120.48,23.0,1.5,015 km N 07° E of Paluan (Occidental Mindoro)
128,19 Jan 2017 - 09:47 PM,6.91,123.82,20.0,2.0,032 km N 71° W of South Upi (Maguindanao)
129,19 Jan 2017 - 05:55 PM,7.8,126.71,38.0,2.1,029 km N 33° E of Baganga (Davao Oriental)
130,19 Jan 2017 - 05:47 PM,9.81,122.4,36.0,2.6,006 km N 11° W of Sipalay (Negros Occidental)
131,19 Jan 2017 - 01:43 PM,6.6,125.88,1.0,2.0,023 km S 75° W of Governor Generoso (Davao Oriental)
132,19 Jan 2017 - 11:42 AM,20.99,120.24,9.0,3.1,169 km N 83° W of Itbayat (Batanes)
133,19 Jan 2017 - 03:43 AM,6.49,126.92,44.0,2.6,081 km S 40° E of Tarragona (Davao Oriental)
134,19 Jan 2017 - 01:04 AM,6.15,125.52,62.0,3.3,031 km S 19° W of Malita (Davao Occidental)
135,18 Jan 2017 - 09:56 PM,16.99,119.72,32.0,2.0,018 km N 89° W of Dasol (Pangasinan)
136,18 Jan 2017 - 09:21 PM,11.39,122.15,6.0,2.3,019 km S 59° W of Libacao (Aklan)
137,18 Jan 2017 - 04:39 PM,16.87,119.93,27.0,2.3,053 km N 04° E of Bolinao (Pangasinan)
138,18 Jan 2017 - 01:42 PM,11.53,124.22,12.0,3.2,020 km S 79° W of Naval (Biliran)
139,18 Jan 2017 - 11:32 AM,8.73,125.56,52.0,2.5,012 km N 55° W of Esperanza (Agusan del Sur)
140,18 Jan 2017 - 09:33 AM,16.8,121.61,2.0,2.2,009 km S 15° E of San Mateo (Isabela)
141,18 Jan 2017 - 06:02 AM,12.66,123.56,13.0,3.0,013 km N 83° W of Monreal (Masbate)
142,18 Jan 2017 - 05:37 AM,9.28,126.02,19.0,3.5,006 km N 04° E of Carmen (Surigao Del Sur)
143,18 Jan 2017 - 05:22 AM,6.74,126.46,18.0,2.5,034 km S 02° E of Tarragona (Davao Oriental)
144,18 Jan 2017 - 03:34 AM,15.48,121.93,6.0,3.4,050 km S 51° E of Baler (Aurora)
145,18 Jan 2017 - 03:05 AM,3.88,126.54,7.0,3.0,208 km S 35° E of Sarangani (Davao Occidental)
146,18 Jan 2017 - 02:07 AM,12.34,124.6,16.0,2.4,019 km S 13° W of Catarman (Northern Samar)
147,18 Jan 2017 - 02:00 AM,7.9,124.64,1.0,2.4,011 km N 08° W of Bumbaran (Lanao Del Sur)
148,18 Jan 2017 - 01:26 AM,6.74,126.51,115.0,2.4,034 km S 11° E of Tarragona (Davao Oriental)
149,18 Jan 2017 - 01:20 AM,6.87,124.42,33.0,2.0,006 km N 72° W of Maganoy (Shariff Aguak) (Capital) (Maguindanao)
150,18 Jan 2017 - 12:32 AM,17.7,120.28,28.0,2.0,014 km N 71° W of Santo Domingo (Ilocos Sur)
151,17 Jan 2017 - 11:49 PM,10.06,123.13,24.0,1.8,012 km N 38° W of Jimalalud (Negros Oriental)
152,17 Jan 2017 - 11:11 PM,5.07,126.25,5.0,2.2,095 km S 65° E of Sarangani (Davao Occidental)
153,17 Jan 2017 - 09:52 PM,17.67,120.69,28.0,2.3,001 km S 48° E of La Paz (Abra)
154,17 Jan 2017 - 07:33 PM,4.44,125.88,3.0,2.1,119 km S 22° E of Sarangani (Davao Occidental)
155,17 Jan 2017 - 06:09 PM,16.27,122.36,17.0,2.2,021 km S 48° E of Dilasag (Aurora)
156,17 Jan 2017 - 05:30 PM,10.18,125.12,17.0,1.9,013 km N 79° E of Malitbog (Southern Leyte)
157,17 Jan 2017 - 05:03 PM,9.57,122.56,30.0,2.2,007 km N 81° E of Hinoba-an (Negros Occidental)
158,17 Jan 2017 - 02:42 PM,10.24,124.86,11.0,2.0,021 km S 39° W of Sogod (Southern Leyte)
159,17 Jan 2017 - 02:13 PM,11.14,124.32,11.0,1.8,035 km N 75° E of Bogo (Cebu)
160,17 Jan 2017 - 01:15 PM,7.5,123.62,2.0,2.7,034 km N 79° E of Pitogo (Sugbay) (Zamboanga Del Sur)
161,17 Jan 2017 - 09:13 AM,8.6,125.9,1.0,2.8,003 km N 30° W of Prosperidad (Agusan Del Sur)
162,17 Jan 2017 - 08:07 AM,13.88,120.52,166.0,2.8,013 km N 69° W of Calatagan (Batangas)
163,17 Jan 2017 - 05:05 AM,9.85,124.31,31.0,2.1,003 km N 69° W of Pilar (Bohol)
164,17 Jan 2017 - 12:45 AM,8.59,125.95,2.0,2.6,005 km N 63° E of Prosperidad (Agusan Del Sur)
165,16 Jan 2017 - 11:31 PM,6.44,126.93,86.0,2.9,086 km S 39° E of Tarragona (Davao Oriental)
166,16 Jan 2017 - 10:38 PM,19.09,121.27,11.0,2.9,029 km S 44° W of Calayan (Cagayan)
167,16 Jan 2017 - 08:17 PM,9.41,123.04,12.0,2.0,012 km S 40° W of Pamplona (Negros Oriental)
168,16 Jan 2017 - 07:36 PM,13.48,125.59,49.0,3.4,116 km N 27° E of Palapag (Northern Samar)
169,16 Jan 2017 - 07:32 PM,9.21,125.5,19.0,2.4,005 km N 52° W of Tubay (Agusan Del Norte)
170,16 Jan 2017 - 06:16 PM,14.93,120.01,45.0,2.0,009 km S 79° W of San Antonio (Zambales)
171,16 Jan 2017 - 12:07 PM,14.12,123.36,2.0,2.6,044 km N 90° E of Daet (Camarines Norte)
172,16 Jan 2017 - 05:40 AM,7.68,125.69,18.0,2.3,015 km N 26° E of Kapalong (Davao Del Norte)
173,16 Jan 2017 - 03:19 AM,13.52,124.12,36.0,2.1,014 km S 59° W of Virac (Catanduanes)
174,16 Jan 2017 - 01:34 AM,12.01,125.92,9.0,2.9,048 km S 87° E of Dolores (Eastern Samar)
175,16 Jan 2017 - 12:25 AM,5.21,126.41,107.0,3.3,106 km S 77° E of Sarangani (Davao Occidental)
176,15 Jan 2017 - 10:31 PM,17.95,122.46,18.0,2.4,061 km S 55° E of Gonzaga (Cagayan)
177,15 Jan 2017 - 08:53 PM,10.02,124.24,20.0,2.1,009 km N 15° E of Danao (Bohol)
178,15 Jan 2017 - 05:42 PM,7.54,125.75,3.0,2.6,002 km N 81° W of Asuncion (Saug) (Davao del Norte)
179,15 Jan 2017 - 05:04 PM,13.48,119.98,7.0,3.2,040 km S 48° W of Looc (Occidental Mindoro)
180,15 Jan 2017 - 02:24 PM,6.08,126.37,12.0,2.3,071 km S 28° E of Governor Generoso (Davao Oriental)
181,15 Jan 2017 - 07:58 AM,14.91,120.11,72.0,2.1,005 km S 29° E of San Antonio (Zambales)
182,15 Jan 2017 - 05:00 AM,11.72,125.35,16.0,2.8,012 km S 71° W of San Juilan (Eastern Samar)
183,15 Jan 2017 - 03:47 AM,17.38,122.45,58.0,2.0,017 km N 69° E of Divilacan (Isabela)
184,15 Jan 2017 - 02:19 AM,9.58,125.61,27.0,2.8,005 km N 58° E of Tubod (Surigao Del Norte)
185,15 Jan 2017 - 01:12 AM,9.04,126.28,22.0,2.0,006 km N 70° E of Tago (Surigao Del Sur)
186,15 Jan 2017 - 01:11 AM,13.51,120.49,45.0,3.0,011 km N 14° E of Paluan (Occidental Mindoro)
187,15 Jan 2017 - 12:57 AM,10.54,125.47,93.0,2.7,023 km N 30° W of Loreto (Dinagat)
188,14 Jan 2017 - 04:06 PM,18.92,120.82,22.0,2.6,038 km N 05° E of Pagudpud (Ilocos Norte)
189,14 Jan 2017 - 02:35 PM,9.83,123.95,2.0,3.7,006 km N 11° W of Balilihan (Bohol)
190,14 Jan 2017 - 01:50 PM,15.96,119.76,33.0,2.4,015 km S 45° W of Burgos (Pangasinan)
191,14 Jan 2017 - 01:37 PM,18.28,121.01,19.0,3.6,003 km N 45° W of Bayag (Calanasan) (Apayao)
192,14 Jan 2017 - 12:35 PM,7.54,126.47,15.0,2.5,010 km S 67° W of Banganga (Davao Oriental)
193,14 Jan 2017 - 12:31 PM,13.64,120.56,102.0,3.2,022 km S 21° W of Calatagan (Batangas)
194,14 Jan 2017 - 06:40 AM,14.02,120.42,143.0,1.5,023 km S 73° W of Nasugbu (Batangas)
195,14 Jan 2017 - 06:02 AM,10.36,125.27,1.0,3.0,003 km N 85° E of Hinundayan (Southern Leyte)
196,14 Jan 2017 - 05:38 AM,10.13,126.03,7.0,3.1,012 km N 04° W of Santa Monica (Sapao) (Surigao Del Norte)
197,14 Jan 2017 - 04:20 AM,8.16,123.41,17.0,2.7,008 km N 89° E of Dumingag (Zamboanga Del Sur)
198,14 Jan 2017 - 12:13 AM,10.19,125.49,31.0,2.2,004 km S 83° W of Libjo (Albor) (Surigao Del Norte)
199,13 Jan 2017 - 11:40 PM,8.51,123.04,19.0,2.3,006 km S 78° W of Manukan (Zamboanga Del Norte)
200,13 Jan 2017 - 11:23 PM,14.51,119.84,10.0,2.7,056 km S 29° W of San Antonio (Zambales)
201,13 Jan 2017 - 06:47 PM,10.11,126.45,9.0,3.0,043 km N 77° E of Burgos (Surigao Del Norte)
202,13 Jan 2017 - 06:09 PM,15.11,119.71,26.0,2.3,038 km S 50° W of Iba (Zambales)
203,13 Jan 2017 - 04:49 PM,5.87,125.17,19.0,2.0,005 km N 21° W of Glan (Sarangani)
204,13 Jan 2017 - 02:03 PM,9.81,122.55,9.0,3.3,005 km S 89° W of Candoni (Negros Occidental)
205,13 Jan 2017 - 01:51 PM,5.82,126.58,21.0,3.1,107 km S 86° E of Jose Abad Santos (Davao Occidental)
206,13 Jan 2017 - 11:19 AM,14.43,120.31,1.0,1.8,019 km S 86° W of Mariveles (Bataan)
207,13 Jan 2017 - 10:14 AM,14.14,120.35,3.0,2.0,031 km N 77° W of Nasugbu (Batangas)
208,13 Jan 2017 - 09:43 AM,17.55,121.82,56.0,2.0,013 km S 86° E of Enrile (Cagayan)
209,13 Jan 2017 - 05:44 AM,9.38,125.65,15.0,2.5,012 km S 39° E of Alegria (Surigao Del Norte)
210,13 Jan 2017 - 05:33 AM,6.14,126.38,19.0,3.9,076 km S 85° E of Don Marcelino (Davao Occidental)
211,13 Jan 2017 - 05:12 AM,13.02,124.49,36.0,2.2,032 km S 84° E of Prieto Diaz (Sorsogon)
212,13 Jan 2017 - 04:32 AM,9.89,124.04,21.0,2.2,005 km N 51° E of Catigbian (Bohol)
213,13 Jan 2017 - 04:14 AM,10.0,126.31,17.0,3.4,025 km N 75° E of San Isidro (Surigao Del Norte)
214,13 Jan 2017 - 03:50 AM,13.29,120.15,20.0,2.1,038 km S 68° W of Paluan (Occidental Mindoro)
215,13 Jan 2017 - 03:45 AM,14.99,121.42,23.0,2.5,034 km N 40° W of General Nakar (Quezon)
216,13 Jan 2017 - 03:39 AM,10.1,126.35,6.0,3.5,031 km N 74° E of Burgos (Surigao Del Norte)
217,13 Jan 2017 - 03:35 AM,12.92,120.1,2.0,2.4,063 km S 58° W of Mamburao (Occidental Mindoro)
218,13 Jan 2017 - 03:28 AM,7.0,127.32,10.0,2.6,086 km S 74° E of Manay (Davao Oriental)
219,13 Jan 2017 - 02:16 AM,13.43,124.15,7.0,1.9,020 km S 26° W of Virac (Catanduanes)
220,13 Jan 2017 - 01:18 AM,13.44,124.21,10.0,2.9,016 km S 06° W of Virac (Catanduanes)
221,12 Jan 2017 - 11:55 PM,14.1,120.44,119.0,1.9,020 km N 84° W of Nasugbu (Batangas)
222,12 Jan 2017 - 09:54 PM,14.77,119.98,31.0,2.2,023 km S 31° W of San Antonion (Zambales)
223,12 Jan 2017 - 07:33 PM,13.79,120.52,100.0,3.2,030 km N 77° E of Looc (Occidental Mindoro)
224,12 Jan 2017 - 02:26 PM,12.7,124.84,20.0,2.1,018 km N 30° W of Pambujan (Northern Samar)
225,12 Jan 2017 - 11:41 AM,10.38,122.35,24.0,2.4,026 km S 53° W of Nueva Valencia (Guimaras)
226,12 Jan 2017 - 10:44 AM,12.0,120.65,7.0,2.0,060 km S 50° W of San Jose (Occidental Mindoro)
227,12 Jan 2017 - 09:27 AM,7.63,124.62,1.0,2.7,015 km S 84° W of Wao (Lanao Del Sur)
228,12 Jan 2017 - 07:35 AM,13.82,120.4,49.0,2.0,019 km N 55° E of Looc (Occidental Mindoro)
229,12 Jan 2017 - 06:55 AM,13.91,120.55,10.0,1.8,013 km N 47° W of Calatagan (Batangas)
230,12 Jan 2017 - 06:38 AM,9.54,122.85,128.0,2.5,019 km N 18° E of Bayawan (Negros Occidental)
231,12 Jan 2017 - 05:34 AM,11.54,125.82,27.0,2.7,033 km N 42° E of Hernani (Eastern Samar)
232,12 Jan 2017 - 04:43 AM,6.26,126.37,9.0,3.0,054 km S 37° E of Governor Generoso (Davao Oriental)
233,11 Jan 2017 - 11:46 PM,18.24,120.76,22.0,2.2,018 km N 77° E of Laoag City
234,11 Jan 2017 - 09:03 PM,18.74,121.23,29.0,2.2,020 km N 01° E of Sanchez-mira (Cagayan)
235,11 Jan 2017 - 05:54 PM,9.87,126.18,32.0,2.6,009 km N 85° E of Pilar (Surigao Del Norte)
236,11 Jan 2017 - 05:46 PM,6.18,125.01,12.0,2.6,007 km S 46° W of Polomolok (South Cotabato)
237,11 Jan 2017 - 03:52 PM,15.68,119.77,26.0,2.2,018 km S 59° W of Santa Cruz (Zambales)
238,11 Jan 2017 - 02:24 PM,13.47,124.21,12.0,5.1,013 km S 08° W of Virac (Catanduanes)
239,11 Jan 2017 - 10:01 AM,12.43,123.64,9.0,2.2,007 km N 15° E of Mabate (Masbate)
240,11 Jan 2017 - 09:09 AM,13.01,124.36,32.0,2.0,018 km S 76° E of Prieto Diaz (Sorsogon)
241,11 Jan 2017 - 07:46 AM,13.45,121.57,5.0,3.1,032 km N 63° E of Naujan (Oriental Mindoro)
242,11 Jan 2017 - 05:53 AM,12.48,124.39,79.0,3.4,006 km S 37° W of Rosario (Northern Samar)
243,11 Jan 2017 - 03:07 AM,10.14,125.16,23.0,2.8,005 km S 64° E of Liloan (Southern Leyte)
244,11 Jan 2017 - 01:14 AM,13.67,120.59,160.0,2.5,029 km N 32° W of Abra De Ilog (Occidental Mindoro)
245,10 Jan 2017 - 07:49 PM,5.33,126.5,8.0,3.1,115 km S 58° E of Jose Abad Santos (Davao Occidental)
246,10 Jan 2017 - 07:10 PM,9.7,126.47,24.0,3.3,035 km S 75° E of General Luna (Surigao Del Norte)
247,10 Jan 2017 - 02:25 PM,4.16,122.85,654.0,4.9,257 km S 24° E of Tongkil (Sulu)
248,10 Jan 2017 - 02:13 PM,4.38,122.84,654.0,7.2,235 km S 26° E of Tongkil (Sulu)
249,10Jan 2017 - 01:57 PM,14.74,119.94,25.0,3.1,028 km S 35° W of San Antonio (Zambales)
250,10 Jan 2017 - 09:49 AM,9.13,126.49,33.0,3.0,029 km N 52° E of Bayabas (Surigao Del Sur)
251,10 Jan 2017 - 08:57 AM,13.57,120.63,11.0,2.3,018 km N 37° W of Abra De Ilog (Occidental Mindoro)
252,10 Jan 2017 - 02:05 AM,6.34,126.54,36.0,2.2,062 km S 56° E of Governor Generoso (Davao Oriental)
253,09 Jan 2017 - 11:31 PM,13.53,120.71,114.0,2.5,009 km N 13° W of Abra De Ilog (Occidental Mindoro)
254,09 Jan 2017 - 11:29 PM,15.35,120.11,24.0,2.4,015 km N 81° E of Iba (Zambales)
255,09 Jan 2017 - 10:09 PM,8.13,126.82,14.0,2.7,046 km N 78° E of Lingig (Surigao Del Sur)
256,09 Jan 2017 - 08:26 PM,9.1,124.22,25.0,2.8,046 km S 82° W of Catarman (Camiguin)
257,09 Jan 2017 - 08:01 PM,13.64,120.61,90.0,2.4,021 km S 07° W of Calatagan (Batangas)
258,09 Jan 2017 - 05:20 PM,18.28,120.25,27.0,4.9,038 km N 76° W of Laoag City
259,09 Jan 2017 - 04:00 PM,10.08,126.07,16.0,3.3,007 km N 03° W of Burgos (Surigao Del Norte)
260,09 Jan 2017 - 02:53 PM,15.41,119.82,32.0,2.1,019 km N 61° W of Iba (Zambales)
261,09 Jan 2017 - 02:34 PM,5.94,125.82,130.0,3.2,023 km N 75° E of Jose Abad Santos (Davao Occidental)
262,09 Jan 2017 - 10:35 AM,15.27,119.83,26.0,2.6,017 km S 68° W of Iba (Zambales)
263,09 Jan 2017 - 08:07 AM,10.03,124.15,31.0,2.0,007 km S 39° E of Buenavista (Bohol)
264,09 Jan 2017 - 04:10 AM,8.02,122.21,18.0,2.7,011 km N 12° W of Gutalac (Zamboanga Del Norte)
265,09 Jan 2017 - 02:36 AM,17.52,121.48,19.0,2.0,010 km N 19° E of Tabuk (Kalinga)
266,09 Jan 2017 - 12:37 AM,15.27,119.19,21.0,2.5,079 km S 77° W of Palauig (Zambales)
267,08 Jan 2017 - 09:37 PM,17.79,122.54,28.0,3.3,055 km N 35° E of Maconacon (Isabela)
268,08 Jan 2017 - 02:52 PM,6.67,123.79,35.0,2.5,038 km S 65° W of South Upi (Maguindanao)
269,08 Jan 2017 - 09:35 AM,12.54,120.56,13.0,2.5,042 km S 84° W of Calintaan (Occidental Mindoro)
270,08 Jan 2017 - 02:08 AM,9.86,126.46,16.0,2.5,034 km N 76° E of General Luna (Surigao Del Norte)
271,08 Jan 2017 - 01:56 AM,9.56,126.68,62.0,3.0,063 km S 67° E of General Luna (Surigao Del Norte)
272,08 Jan 2017 - 01:49 AM,9.62,126.63,20.0,2.2,055 km S 70° E of General Luna (Surigao Del Norte)
273,08 Jan 2017 - 01:35 AM,17.77,120.84,1.0,2.1,009 km N 88° W of Tineg (Abra)
274,07 Jan 2017 - 10:58 PM,13.06,120.19,7.0,2.0,048 km S 67° W of Mamburao (Occidental Mindoro)
275,07 Jan 2017 - 09:29 PM,13.74,120.57,88.0,2.2,013 km S 32° W of Calatagan (Batangas)
276,07 Jan 2017 - 08:10 PM,6.58,125.85,15.0,2.7,039 km S 27° W of Lupon (Davao Oriental)
277,07 Jan 2017 - 06:33 PM,12.81,125.97,9.0,2.2,086 km N 64° E of Mapanas (Northern Samar)
278,07 Jan 2017 - 06:01 PM,10.1,125.16,18.0,2.0,005 km N 03° W of San Francisco (Southern Leyte)
279,07 Jan 2017 - 03:19 PM,13.56,120.3,1.0,2.1,019 km S 18° E of Looc (Occidental Mindoro)
280,07 Jan 2017 - 10:38 AM,5.62,126.6,57.0,4.7,113 km S 75° E of Jose Abad Santos (Davao Occidental)
281,07 Jan 2017 - 04:20 AM,9.96,126.11,29.0,3.6,003 km N 42° E of San Isidro (Surigao del Norte)
282,07 Jan 2017 - 03:19 AM,16.31,119.25,17.0,2.3,063 km N 70° W of Agno (Pangasinan)
283,07 Jan 2017 - 02:36 AM,18.88,121.05,14.0,3.4,030 km N 06° W of Claveria (Cagayan)
284,07 Jan 2017 - 12:24 AM,10.22,126.23,32.0,2.5,028 km N 38° E of Burgos (Surigao Del Norte)
285,07 Jan 2017 - 12:03 AM,15.44,121.67,1.0,1.4,030 km N 82° E of Dingalan (Aurora)
286,07 Jan 2017 - 12:03 AM,8.72,126.55,29.0,2.3,029 km S 73° E of Marihatag (Surigao Del Sur)
287,06 Jan 2017 - 09:14 PM,6.47,126.12,24.0,3.7,021 km S 12° E of Governor Generoso (Davao Oriental)
288,06 Jan 2017 - 08:34 PM,10.53,124.67,2.0,2.7,008 km N 68° W of Inopacan (Leyte)
289,06 Jan 2017 - 06:34 PM,6.38,126.56,30.0,3.0,061 km S 61° E of Governor Generoso (Davao Oriental)
290,06 Jan 2017 - 01:56 PM,9.63,126.34,15.0,2.9,026 km S 49° E of General Luna (Surigao Del Norte)
291,06 Jan 2017 - 01:55 PM,13.7,120.74,18.0,1.8,015 km N 72° W of Tingloy (Batangas)
292,06 Jan 2017 - 01:20 PM,5.75,126.1,124.0,2.7,056 km S 74° E of Jose Abad Santos (Davao Occidental)
293,06 Jan 2017 - 09:11 AM,19.18,121.21,12.0,2.1,029 km S 67° W of Calayan (Cagayan)
294,06 Jan 2017 - 03:21 AM,9.46,127.06,29.0,3.5,097 km N 78° E of Cortes (Surigao Del Norte)
295,05 Jan 2017 - 10:19 PM,6.97,125.24,16.0,2.3,017 km S 76° E of Kidapawan (North Cotabato)
296,05 Jan 2017 - 02:35 PM,7.64,124.62,3.0,3.2,015 km S 89° W of Wao (Lanao del Sur)
297,05 Jan 2017 - 12:03 PM,6.61,125.74,159.0,3.1,026 km N 33° E of Malita (Davao Occidental)
298,05 Jan 2017 - 09:51 AM,9.76,123.68,35.0,2.2,016 km S 88° E of Dalaguete (Cebu)
299,05 Jan 2017 - 02:12 AM,9.19,125.67,20.0,2.9,016 km N 61° E of Cabadbaran (Agusan Del Norte)
300,05 Jan 2017 - 01:58 AM,18.08,120.46,42.0,2.9,017 km N 06° W of Badoc (Ilocos Norte)
301,04 Jan 2017 - 08:03 PM,7.68,124.59,8.0,3.2,024 km N 32° W of Banisilan (North Cotabato)
302,04 Jan 2017 - 06:32 PM,11.37,125.97,23.0,3.0,038 km N 83° E of Hernani (Eastern Samar)
303,04 Jan 2017 - 01:03 PM,9.87,124.41,24.0,2.6,005 km S 49° W of Alicia (Bohol)
304,04 Jan 2017 - 11:11 AM,10.28,125.79,24.0,3.3,025 km S 69° E of Loreto (Dinagat)
305,03 Jan 2017 - 11:47 PM,10.08,126.39,7.0,3.4,035 km N 80° E of Burgos (Surigao Del Norte)
306,03 Jan 2017 - 11:39 PM,9.9,124.75,32.0,1.8,026 km N 82° E of Mabini (Bohol)
307,03 Jan 2017 - 10:28 PM,10.19,126.53,1.0,2.4,054 km N 70° E of Burgos (Surigao Del Norte)
308,03 Jan 2017 - 09:59 PM,10.42,125.12,2.0,2.4,009 km N 68° W of Hinunangan (Southern Leyte)
309,03 Jan 2017 - 08:47 PM,5.77,125.96,61.0,2.7,040 km S 72° E of Jose Abad Santos (Davao Occidental)
310,03 Jan 2017 - 06:08 PM,16.44,122.21,31.0,2.0,005 km N 01° W of Dilasag (Aurora)
311,03 Jan 2017 - 11:39 AM,12.65,123.29,3.0,2.4,019 km N 39° W of Aroroy (Masbate)
312,03 Jan 2017 - 11:21 AM,9.86,124.05,33.0,2.0,005 km N 83° E of Catigbian (Bohol)
313,03 Jan 2017 - 11:00 AM,6.95,126.61,43.0,2.7,021km S 58° E of Tarragona (Davao Oriental)
314,03 Jan 2017 - 09:13 AM,16.26,119.68,15.0,2.6,027 km S 57° W of Bolinao (Pangasinan)
315,03 Jan 2017 - 09:07 AM,10.58,124.8,1.0,2.5,011 km S 02° W of Baybay (Leyte)
316,03 Jan 2017 - 08:02 AM,15.52,119.97,21.0,2.3,012 km N 37° W of Palauig (Zambales)
317,03 Jan 2017 - 03:56 AM,19.13,120.03,16.0,2.7,095 km N 43° W of Burgos (Ilocos Norte)
318,03 Jan 2017 - 03:43 AM,10.16,125.13,12.0,2.5,002 km N 71° E of Liloan (Southern Leyte)
319,03 Jan 2017 - 01:51 AM,5.15,127.81,33.0,4.1,254 km S 49° E of Governor Generoso (Davao Oriental)
320,03 Jan 2017 - 01:36 AM,12.7,123.28,8.0,3.6,019 km S 12° E of Claveria (Masbate)
321,03 Jan 2017 - 01:29 AM,5.93,125.78,142.0,2.4,019 km N 74° E of Jose Abad Santos (Davao Occidental)
322,03 Jan 2017 - 12:47 AM,9.75,123.65,21.0,2.0,013 km S 83° E of Dalaguete (Cebu)
323,02 Jan 2017 - 11:05 PM,7.95,125.17,4.0,3.1,012 km N 37° W of San Fernando (Bukidnon)
324,02 Jan 2017 - 07:21 PM,9.83,124.43,21.0,2.1,020 km S 31° E of San Miguel (Bohol)
325,02 Jan 2017 - 05:09 PM,16.2,119.41,6.0,2.6,042 km N 78° W of Agno (Pangasinan)
326,02 Jan 2017 - 04:34 PM,12.7,123.3,7.0,3.3,023 km N 27° W of Aroroy (Masbate)
327,02 Jan 2017 - 12:52 PM,10.05,123.11,26.0,2.1,012 km N 51° W of Jimalalud (Negros Oriental)
328,02 Jan 2017 - 06:24 AM,8.9,126.61,16.0,2.2,036 km N 73° E of Marihatag (Surigao Del Sur)
329,01 Jan 2017 - 11:51 PM,18.25,122.03,10.0,2.1,005 km S 72° E of Gonzaga (Cagayan)
330,01 Jan 2017 - 09:29 PM,10.87,124.73,5.0,2.4,006 km S 40° E of Albuera (Leyte)
331,01 Jan 2017 - 07:38 PM,9.12,122.8,20.0,2.7,024 km S 15° W of Santa Catalina (Negros Oriental)
332,01 Jan 2017 - 05:37 PM,13.5,120.78,173.0,2.1,008 km N 46° E of Abra De Ilog (Occidental Mindoro)
333,01 Jan 2017 - 03:40 PM,10.07,125.93,48.0,3.5,013 km N 66° W of Santa Monica (Surigao Del Norte)
334,01 Jan 2017 - 02:20 PM,10.56,125.39,26.0,2.3,027 km N 33° E of Hinundayan (Southern Leyte)
335,01 Jan 2017 - 09:46 AM,16.25,119.32,10.0,3.3,056 km S 73° W of Bolinao (Pangasinan)
336,01 Jan 2017 - 06:39 AM,8.51,126.42,41.0,2.6,018 km N 32° E of Hinatuan (Surigao Del Norte)
337,01 Jan 2017 - 05:57 AM,9.97,126.51,5.0,4.2,044 km N 62° E of General Luna (Surigao Del Norte)
338,01 Jan 2017 - 05:28 AM,9.81,122.54,77.0,2.4,006 km N 89° W of Candoni (Negros Occidental)
339,01 Jan 2017 - 04:47 AM,14.02,120.44,119.0,2.1,021 km S 72° W of Nasugbu (Batangas)
340,01 Jan 2017 - 03:20 AM,7.71,121.89,33.0,2.8,031 km S 68° W of Baliguian (Zamboanga Del Norte)
341,01 Jan 2017 - 03:17 AM,6.03,126.33,41.0,2.8,074 km S 22° E of Governor Generoso (Davao Oriental)
342,01 Jan 2017 - 02:45 AM,13.87,120.55,94.0,2.0,010 km N 68° W of Calatagan (Batangas)
1,28 Feb 2017 - 11:26 PM,14.05,120.42,116.0,2.4,022 km S 81° W of Nasugbu (Batangas)
2,28 Feb 2017 - 11:15 PM,6.22,125.24,106.0,2.4,005 km S 15° W of Malungon (Sarangani)
3,28 Feb 2017 - 11:00 PM,17.9,120.78,14.0,3.5,039 km S 31° E of Laoag City
4,28 Feb 2017 - 09:36 PM,13.52,124.39,15.0,2.2,019 km S 67° E of Virac (Catanduanes)
5,28 Feb 2017 - 07:56 PM,4.51,125.57,14.0,2.5,103 km S 06° E of Sarangani (Davao Occidental)
6,28 Feb 2017 - 01:02 PM,4.53,127.21,84.0,3.5,217 km S 62° E of Sarangani (Davao Occidental)
7,28 Feb 2017 - 11:26 AM,12.16,125.87,17.0,3.3,039 km S 86° E of San Policarpo (Eastern Samar)
8,28 Feb 2017 - 05:43 AM,18.62,121.2,14.0,2.8,013 km N 86° E of Claveria (Cagayan)
9,28 Feb 2017 - 05:18 AM,16.87,120.19,16.0,2.3,023 km N 46° W of Bacnotan (La Union)
10,28 Feb 2017 - 03:44 AM,13.94,120.43,88.0,2.1,025 km N 62° W of Calatagan (Batangas)
11,28 Feb 2017 - 03:28 AM,9.78,125.41,26.0,2.2,028 km S 44° W of Dinagat (Dinagat)
12,27 Feb 2017 - 11:01 PM,10.04,124.24,6.0,3.2,016 km N 15° W of Dagohoy (Bohol)
13,27 Feb 2017 - 10:44 PM,13.66,120.57,88.0,3.1,021 km S 18° W of Calatagan (Batangas)
14,27 Feb 2017 - 10:16 PM,18.82,121.96,8.0,2.4,062 km N 03° W of Gonzaga (Cagayan)
15,27 Feb 2017 - 09:05 PM,13.93,120.54,111.0,2.5,015 km N 43° W of Calatagan (Batangas)
16,27 Feb 2017 - 08:47 PM,15.21,122.34,53.0,2.5,051 km N 16° E of Patnanungan (Quezon)
17,27 Feb 2017 - 08:37 PM,9.35,122.48,2.0,3.0,019 km S 70° W of Basay (Negros Oriental)
18,27 Feb 2017 - 05:01 PM,5.96,126.12,35.0,4.5,054 km S 61° E of Don Marcelino (Davao Occidental)
19,27 Feb 2017 - 08:22 AM,11.07,122.16,14.0,2.7,009 km N 25° W of Valderama (Antique)
20,27 Feb 2017 - 08:03 AM,3.45,126.88,90.0,4.0,270 km S 35° E of Sarangani (Davao Occidental)
21,27 Feb 2017 - 06:07 AM,9.12,122.53,26.0,2.0,034 km S 22° W of Basay (Negros Oriental)
22,26 Feb 2017 - 11:02 PM,13.26,123.84,9.0,2.5,007 km S 57° W of Bacacay (Albay)
23,26 Feb 2017 - 08:37 PM,9.81,125.39,20.0,2.7,004 km N 44° W of San Francisco (Anao-aon) (Surigao Del Norte)
24,26 Feb 2017 - 08:37 PM,12.54,121.93,17.0,2.4,009 km S 86° W of San Andres (Romblon)
25,26 Feb 2017 - 05:45 PM,10.03,125.44,179.0,2.9,015 km N 88° W of San Jose (Dinagat)
26,26 Feb 2017 - 05:27 PM,9.84,125.37,11.0,2.6,009 km N 37° W of San Francisco (Anao-aon) (Surigao Del Norte)
27,26 Feb 2017 - 05:26 PM,8.47,123.09,29.0,2.4,031 km S 64° W of Dipolog City
28,26 Feb 2017 - 08:53 AM,14.19,120.24,48.0,2.2,038 km S 44° W of Mariveles (Bataan)
29,26 Feb 2017 - 08:47 AM,13.54,121.71,12.0,2.9,018 km N 69° W of Boac (Marinduque)
30,26 Feb 2017 - 08:35 AM,17.73,120.95,19.0,2.6,005 km S 28° E of Tineg (Abra)
31,26 Feb 2017 - 06:06 AM,13.56,120.51,53.0,2.7,015 km N 29° E of Paluan (Occidental Mindoro)
32,26 Feb 2017 - 05:27 AM,10.57,126.87,14.0,4.1,107 km N 56° E of Burgos (Surigao del Norte)
33,26 Feb 2017 - 03:43 AM,10.57,126.64,1.0,3.3,087 km N 45° E of Burgos (Surigao del Norte)
34,26 Feb 2017 - 02:57 AM,10.6,127.06,33.0,5.0,123 km N 59° E of Burgos (Surigao del Norte)
35,26 Feb 2017 - 02:41 AM,13.7,120.63,120.0,2.3,015 km S 01° W of Calatagan (Batangas)
36,26 Feb 2017 - 02:04 AM,9.28,126.3,30.0,3.0,012 km S 90° E of Cortes (Surigao del Sur)
37,25 Feb 2017 - 10:04 PM,11.86,124.12,3.0,2.9,011 km S 62° E of Pio V. Corpuz (Limbuhan)(Masbate)
38,25 Feb 2017 - 08:42 PM,13.61,120.61,27.0,1.6,025 km S 06° W of Calatagan (Batangas)
39,25 Feb 2017 - 07:55 PM,10.1,124.83,34.0,2.0,003 km S 08° W of Maasin (Southern Leyte)
40,25 Feb 2017 - 07:10 PM,9.77,121.92,18.0,3.1,053 km N 89° W of Sipalay (Negros Occidental)
41,25 Feb 2017 - 06:57 PM,9.74,121.86,25.0,3.5,060 km S 88° W of Sipalay (Negros Occidental)
42,25 Feb 2017 - 06:01 PM,9.62,125.43,10.0,2.0,003 km N 82° E of Malimono (Surigao del Norte)
43,25 Feb 2017 - 05:43 PM,9.01,126.52,35.0,2.6,027 km N 80° E of Bayabas (Surigao del Sur)
44,25 Feb 2017 - 12:49 PM,15.22,120.23,71.0,2.2,20 km N 71° E of Cabangan (Zambales)
45,25 Feb 2017 - 12:07 PM,9.42,121.93,25.0,2.2,064 km S 77° W of Hinoba-an (Negros Occidental)
46,25 Feb 2017 - 06:48 AM,9.83,125.39,25.0,2.1,006 km N 28° W of San Francisco (Anao-aon) (Surigao Del Norte)
47,25 Feb 2017 - 06:03 AM,13.97,120.44,10.0,2.0,023 km S 58° W of Nasugbu (Batangas)
48,25 Feb 2017 - 05:11 AM,6.29,124.82,3.0,3.5,010 km N 73° E of Lake Sebu (South Cotabato)
49,25 Feb 2017 - 04:21 AM,9.77,125.45,17.0,2.3,004 km S 82 E of San Francisco (Anao-aon) (Surigao Del Norte)
50,25 Feb 2017 - 02:27 AM,6.15,126.83,42.0,4.2,108 km S 23° E of Tarragona (Davao Oriental)
51,25 Feb 2017 - 01:17 AM,10.54,125.78,31.0,2.2,030 km N 48° E of Loreto (Dinagat)
52,24 Feb 2017 - 11:54 PM,6.77,126.87,25.0,2.8,056 km S 57° E of Tarragona (Davao Oriental)
53,24 Feb 2017 - 09:56 PM,12.64,124.39,111.0,3.0,005 km S 32° E of Biri (Northern Samar)
54,24 Feb 2017 - 09:17 PM,9.69,121.81,3.0,3.4,066 km S 83° W of Sipalay (Negros Occidental)
55,24 Feb 2017 - 09:11 PM,8.4,125.48,48.0,2.2,030 km S 71° W of San Luis (Agusan del Sur)
56,24 Feb 2017 - 08:36 PM,9.91,125.39,7.0,2.7,005 km N 41° W of Surigao City
57,24 Feb 2017 - 03:41 PM,9.67,121.84,7.0,2.8,063 km S 81° W of Sipalay (Negros Occidental)
58,24 Feb 2017 - 10:55 AM,13.48,120.55,30.0,2.4,012 km N 48° E of Paluan (Occidental Mindoro)
59,24 Feb 2017 - 10:52 AM,9.77,125.44,31.0,2.5,002 km S 54° E of San Francisco (Anao-aon) (Surigao Del Norte)
60,24 Feb 2017 - 05:51 AM,9.81,125.46,29.0,2.5,005 km N 58° W of Surigao City (Surigao Del Norte)
61,24 Feb 2017 - 04:30 AM,16.44,122.31,19.0,2.5,011 km S 27° E of Dinapigue (Isabela)
62,24 Feb 2017 - 04:30 AM,7.3,126.36,18.0,2.4,023 km S 80° E of Caraga (Davao Oriental)
63,24 Feb 2017 - 03:59 AM,10.93,123.24,5.0,2.5,008 km S 71° W of Cadiz City (Negros Occidental)
64,24 Feb 2017 - 02:31 AM,14.98,119.85,26.0,3.1,025 km N 84° W of San Antonio (Zambales)
65,24 Feb 2017 - 12:25 AM,9.05,125.66,15.0,2.3,008 km N 00° E of Remedios Romualdez (Agusan Del Norte)
66,23 Feb 2017 - 11:19 PM,19.04,121.31,7.0,2.1,031 km S 31° W of Calayan (Cagayan)
67,23 Feb 2017 - 11:14 PM,10.54,125.46,26.0,2.0,023 km N 33° W of Loreto (Dinagat)
68,23 Feb 2017 - 07:17 PM,7.02,125.55,4.0,4.0,008 km S 57° W of Davao City (Davao del Sur)
69,23 Feb 2017 - 06:07 PM,9.72,126.42,26.0,2.3,030 km S 77° E of General Luna (Surigao Del Norte)
70,23 Feb 2017 - 03:38 PM,9.59,125.3,31.0,2.4,017 km S 10° W of Malimono (Surigao Del Norte)
71,23 Feb 2017 - 01:40 PM,11.31,126.02,12.0,2.3,042 km N 55° E of Mercedes (Eastern Samar)
72,23 Feb 2017 - 01:16 PM,7.17,125.57,5.0,3.0,012 km N 21° W of Davao City (Davao del Sur)
73,23 Feb 2017 - 11:06 AM,5.44,124.58,6.0,3.5,061 km S 04° W of Kiamba (Sarangani)
74,23 Feb 2017 - 09:50 AM,7.11,125.58,14.0,4.7,009 km N 42° W of Davao City (Davao del Sur)
75,23 Feb 2017 - 07:36 AM,7.73,121.4,52.0,3.8,080 km N 88° W of Siocon (Zamboanga Del Norte)
76,23 Feb 2017 - 04:51 AM,8.27,127.18,35.0,3.0,088 km N 74° E of Lingig (Surigao Del Sur)
77,22 Feb 2017 - 11:02 PM,15.19,119.61,32.0,2.4,042 km S 68° W of Iba (Zambales)
78,22 Feb 2017 - 11:02 PM,9.38,125.53,1.0,3.1,011 km S 29° W of Alegria (Surigao del Norte)
79,22 Feb 2017 - 08:52 PM,9.98,126.06,5.0,2.7,005 km S 13° W of Burgos (Surigao del Norte)
80,22 Feb 2017 - 05:09 PM,10.2,125.51,25.0,3.4,002 km N 83° W of Libjo (Albor) (Surigao Del Norte)
81,22 Feb 2017 - 01:31 PM,4.16,127.6,56.0,4.7,275 km S 59° E of Sarangani (Davao Occidental)
82,22 Feb 2017 - 12:30 PM,18.98,121.41,110.0,2.7,033 km S 09° W of Calayan (Cagayan)
83,22 Feb 2017 - 09:14 AM,18.78,121.56,79.0,2.3,042 km N 33° E of Pamplona (Cagayan)
84,22 Feb 2017 - 03:51 AM,15.38,119.92,52.0,2.0,007 km S 17° E of Palauig (Zambales)
85,21 Feb 2017 - 02:02 AM,13.85,120.52,85.0,2.0,012 km N 79° W of Calatagan (Batangas)
86,21 Feb 2017 - 09:53 PM,9.93,126.35,4.0,3.0,027 km N 53° E of General Luna (Surigao Del Norte)
87,21 Feb 2017 - 07:50 PM,5.28,126.32,10.0,3.6,096 km S 80° E of Sarangani (Davao Occidental)
88,21 Feb 2017 - 06:07 PM,13.66,120.63,122.0,2.3,019 km S 02° W of Calatagan (Batangas)
89,21 Feb 2017 - 05:22 PM,9.89,123.95,15.0,2.7,003 km N 00° of San Isidro (Bohol)
90,21 Feb 2017 - 09:26 AM,10.01,125.41,33.0,2.9,018 km S 86° W of San Jose (Dinagat)
91,21 Feb 2017 - 08:20 AM,19.08,121.14,11.0,2.5,041 km S 57° W of Calayan (Cagayan)
92,21 Feb 2017 - 07:35 AM,19.95,121.8,31.0,3.2,044 km S 09° W of Sabtang (Batanes)
93,21 Feb 2017 - 02:43 AM,13.58,120.53,42.0,1.9,019 km N 19° E of Paluan (Occidental Mindoro)
94,21 Feb 2017 - 02:01 AM,11.59,125.52,17.0,2.5,010 km S 79° E of Borongan (Eastern Samar)
95,21 Feb 2017 - 01:41 AM,19.89,121.9,19.0,2.5,049 km S 04° E of Sabtang (Batanes)
96,21 Feb 2017 - 12:44 AM,15.45,119.9,22.0,2.1,002 km N 06° W of Palauig (Zambales)
97,21 Feb 2017 - 12:17 AM,10.15,124.84,1.0,2.7,002 km N 08° W of Maasin (Southern Leyte)
98,20 Feb 2017 - 11:48 PM,17.83,120.86,20.0,2.8,010 km N 48° W of Tineg (Abra)
99,20 Feb 2017 - 11:43 PM,13.35,121.15,5.0,3.1,005 km S 49° W of Calapan City (Oriental Mindoro)
100,20 Feb 2017 - 10:57 PM,6.75,126.63,35.0,2.8,038 km S 32° E of Tarragona (Davao Oriental)
101,20 Feb 2017 - 06:06 PM,13.58,120.71,92.0,2.5,015 km N 08° W of Abra De Ilog (Occidental Mindoro)
102,20 Feb 2017 - 03:42 PM,9.94,126.11,12.0,3.3,009 km S 25° E of Burgos (Surigao Del Norte)
103,20 Feb 2017 - 02:19 PM,9.49,122.47,15.0,2.2,008 km S 18° W of Hinoba-an (Negros Occidental)
104,20 Feb 2017 - 12:44 PM,10.23,125.52,106.0,2.8,016 km S 22° W of Loreto (Dinagat)
105,20 Feb 2017 - 02:36 AM,13.61,120.64,6.0,2.2,025 km S 02° E of Calatagan (Batangas)
106,20 Feb 2017 - 01:53 AM,20.35,121.89,77.0,2.5,002 km N 60° E of Sabtang (Batanes)
107,20 Feb 2017 - 01:21 AM,10.19,126.15,7.0,2.7,020 km N 24° E of Burgos (Surigao Del Norte)
108,19 Feb 2017 - 11:31 PM,5.85,124.09,551.0,4.6,043 km S 16° W of Palimbang (Sultan Kudarat)
109,19 Feb 2017 - 11:29 PM,10.26,125.48,33.0,2.5,028 km N 21° W of San Jose (Dinagat)
110,19 Feb 2017 - 08:49 PM,13.82,122.61,23.0,2.0,017 km N 59° E of Buenavista (Quezon)
111,19 Feb 2017 - 08:02 PM,10.15,125.48,30.0,2.0,008 km S 49° W of Libjo (Surigao Del Norte)
112,19 Feb 2017 - 10:58 AM,13.7,120.62,122.0,3.1,014 km S 05° W of Calatagan (Batangas)
113,19 Feb 2017 - 07:36 AM,9.75,125.35,9.0,3.0,017 km S 73° W of Surigao City (Surigao Del Norte)
114,19 Feb 2017 - 06:30 AM,8.46,125.73,63.0,2.4,007 km N 78° W of Talacogon (Agusan del Sur)
115,19 Feb 2017 - 03:10 AM,9.95,126.07,21.0,2.9,007 km S 01° W of Burgos (Surigao del Norte)
116,19 Feb 2017 - 02:53 AM,10.59,126.86,18.0,2.8,106 km N 54° E of Burgos (Surigao del Norte)
117,19 Feb 2017 - 02:11 AM,9.86,125.44,31.0,2.5,010 km N 38° W of Surigao City (Surigao del Norte)
118,19 Feb 2017 - 12:54 AM,10.59,126.92,26.0,3.4,112 km N 56° E of Burgos (Surigao del Norte)
119,19 Feb 2017 - 12:13 AM,12.56,125.13,15.0,3.2,054 km N 83° E of Catarman (Northern Samar)
120,18 Feb 2017 - 11:46 PM,8.78,122.7,19.0,2.4,048 km S 49° W of Siaton (Negros Oriental)
121,18 Feb 2017 - 10:54 PM,9.86,124.16,3.0,2.2,009 km S 53° E of Sagbayan (Bohol)
122,18 Feb 2017 - 07:47 PM,13.64,122.79,11.0,2.6,020 km S 02° E of Ragay (Camarines Sur)
123,18 Feb 2017 - 07:18 PM,10.23,125.6,34.0,2.7,051 km N 13° E of Surigao City (Surigao del Norte)
124,18 Feb 2017 - 06:38 PM,9.73,125.51,22.0,2.7,006 km S 14° E of Surigao City (Surigao del Norte)
125,18 Feb 2017 - 05:50 PM,10.14,125.46,16.0,2.7,028 km S 28° W of Loreto (Dinagat)
126,18 Feb 2017 - 03:01 PM,10.59,126.85,26.0,3.7,106 km N 53° E of Burgos (Surigao Del Norte)
127,18 Feb 2017 - 07:35 AM,19.28,121.75,29.0,3.1,030 km N 90° E of Calayan (Cagayan)
128,18 Feb 2017 - 07:28 AM,9.94,124.14,38.0,2.4,006 km N 58° E of Sagbayan (Bohol)
129,18 Feb 2017 - 06:54 AM,15.28,120.36,34.0,2.6,023 km S 87° W of Bamban (Tarlac)
130,18 Feb 2017 - 02:02 AM,15.05,119.9,14.0,2.7,018 km S 85° W of San Felipe (Zambales)
131,18 Feb 2017 - 01:21 AM,20.26,121.37,38.0,2.2,053 km S 81° W of Sabtang (Batanes)
132,18 Feb 2017 - 12:32 AM,9.78,125.45,3.0,3.0,005 km S 68° W of Surigao City (Surigao Del Norte)
133,17 Feb 2017 - 10:57 PM,9.93,122.37,18.0,2.9,020 km N 13° W of Sipalay (Negros Occidental)
134,17 Feb 2017 - 07:34 PM,9.82,125.42,12.0,2.8,009 km N 58° W of Surigao City (Surigao Del Norte)
135,17 Feb 2017 - 06:39 PM,15.15,119.07,31.0,2.6,100 km S 78° W of Iba (Zambales)
136,17 Feb 2017 - 06:36 PM,14.88,119.26,19.0,2.5,089 km S 77° W of San Felipe (Zambales)
137,17 Feb 2017 - 06:14 PM,9.94,125.52,31.0,2.6,019 km N 08° E of Surigao City (Surigao Del Norte)
138,17 Feb 2017 - 05:18 PM,9.7,125.35,4.0,4.6,018 km S 63° W of Surigao City (Surigao Del Norte)
139,17 Feb 2017 - 08:16 AM,10.13,126.09,15.0,3.9,012 km N 11° E of Burgos (Surigao Del Norte)
140,17 Feb 2017 - 06:59 AM,10.09,125.53,30.0,2.8,033 km N 06° E of Surigao City (Surigao Del Norte)
141,17 Feb 2017 - 02:47 AM,13.83,120.56,3.0,1.6,008 km 00° W of Calatagan (Batangas)
142,17 Feb 2017 - 12:57 AM,12.53,124.68,25.0,3.2,006 km N 59° E of Catarman (Northern Samar)
143,16 Feb 2017 - 09:56 PM,9.78,125.29,26.0,2.5,023 km S 87° W of Surigao City (Surigao Del Norte)
144,16 Feb 2017 - 06:46 PM,9.89,125.48,16.0,3.1,011 km N 06° W of Surigao City (Surigao Del Norte)
145,16 Feb 2017 - 06:04 PM,9.16,125.63,21.0,3.2,010 km S 71° E of Tubay (Agusan del Norte)
146,16 Feb 2017 - 02:27 PM,6.98,125.45,8.0,4.1,025 km N 21° E of Digos City (Davao Del Sur)
147,16 Feb 2017 - 01:29 PM,10.02,126.06,12.0,4.2,002 km S 76° W of Burgos (Surigao Del Norte)
148,16 Feb 2017 - 12:24 PM,9.8,125.49,23.0,3.5,001 km N 40° W of Surigao City (Surigao Del Norte
149,16 Feb 2017 - 12:10 PM,9.69,125.33,2.0,3.9,022 km S 58° W of Surigao City (Surigao Del Norte)
150,16 Feb 2017 - 07:56 AM,9.34,126.68,11.0,2.8,062 km N 42° E of Cagwait (Surigao Del Sur)
151,16 Feb 2017 - 01:02 AM,9.44,126.98,5.0,3.2,094 km N 52° E of Cagwait (Surigao Del Sur)
152,15 Feb 2017 - 10:07 PM,4.07,126.45,244.0,4.5,186 km S 36° E of Sarangani (Davao Occidental)
153,15 Feb 2017 - 05:57 PM,16.36,120.02,26.0,2.2,009 km N 37° E of Anda (Pangasinan)
154,15 Feb 2017 - 05:12 PM,9.8,123.75,7.0,2.7,005 km S 86° W of Loon (Bohol)
155,15 Feb 2017 - 04:47 PM,9.75,125.35,9.0,4.0,009 km S 69° W of San Francisco (Anao-aon) (Surigao Del Norte)
156,15 Feb 2017 - 12:46 PM,6.14,124.94,8.0,2.2,031 km N 14° W of Maasin (Sarangani)
157,15 Feb 2017 - 11:23 AM,9.78,125.48,27.0,2.8,002 km S 45° W of Surigao City (Surigao Del Norte)
158,15 Feb 2017 - 08:35 AM,9.67,125.37,2.0,4.0,017 km S 51° W of Surigao City (Surigao Del Norte)
159,15 Feb 2017 - 07:39 AM,18.18,120.66,33.0,2.4,008 km S 72° E of Laoag City
160,15 Feb 2017 - 02:40 AM,13.42,124.72,31.0,2.1,056 km S 71° E of Virac (Catanduanes)
161,15 Feb 2017 - 02:32 AM,10.1,125.55,42.0,2.8,011 km S 20° W of Libjo (Surigao Del Norte)
162,14 Feb 2017 - 11:24 PM,9.13,122.44,15.0,2.6,039 km S 35° W of Basay (Negros Oriental)
163,14 Feb 2017 - 10:22 PM,12.48,125.19,11.0,2.9,007 km N 82° W of Mapanas (Northern Samar)
164,14 Feb 2017 - 04:35 PM,10.82,126.53,29.0,2.8,092 km S 75° E of Guiuan (Eastern Samar)
165,14 Feb 2017 - 01:37 PM,10.17,125.54,29.0,2.8,003 km S 18° E of Libjo (Surigao Del Norte)
166,14 Feb 2017 - 12:57 PM,9.82,125.39,12.0,3.2,012 km N 27° E of Libjo (Surigao Del Norte)
167,14 Feb 2017 - 11:55 AM,9.87,125.43,21.0,2.7,011 km N 38° W of Surigao City (Surigao Del Norte)
168,14 Feb 2017 - 11:54 AM,16.73,122.56,30.0,2.9,039 km N 55° E of Dinapigue (Isabela)
169,14 Feb 2017 - 10:46 AM,9.81,125.45,28.0,3.1,005 km N 66° W of Surigao City (Surigao del Norte)
170,14 Feb 2017 - 06:41 AM,9.82,125.49,25.0,2.2,005 km N 38° W of Surigao City (Surigao Del Norte)
171,14 Feb 2017 - 05:40 AM,9.76,125.33,3.0,3.1,018 km S 80° W of Surigao City (Surigao Del Norte)
172,14 Feb 2017 - 04:50 AM,9.76,125.44,30.0,2.2,007 km S 58° W of Surigao City (Surigao Del Norte)
173,14 Feb 2017 - 04:31 AM,9.99,122.3,14.0,2.8,028 km N 26° W of Sipalay (Negros Occidental)
174,14 Feb 2017 - 04:24 AM,9.78,125.41,11.0,2.6,010 km S 85° W of Surigao City (Surigao Del Norte)
175,14 Feb 2017 - 04:11 AM,9.88,125.44,19.0,2.5,011 km N 30° W of Surigao City (Surigao Del Norte)
176,14 Feb 2017 - 04:03 AM,9.79,125.4,17.0,5.0,010 km S 08° W of Surigao City (Surigao Del Norte)
177,14 Feb 2017 - 03:31 AM,9.82,125.48,19.0,2.6,004 km N 17° W of Surigao City (Surigao Del Norte)
178,14 Feb 2017 - 03:14 AM,9.68,125.39,3.0,3.8,017 km S 42° W of Surigao City (Surigao Del Norte)
179,14 Feb 2017 - 03:08 AM,13.75,121.15,135.0,2.1,010 km S 88° E of Batangas City (Batangas)
180,14 Feb 2017 - 02:06 AM,9.71,126.1,16.0,3.1,007 km S 48° E of Dapa (Dinagat)
181,14 Feb 2017 - 02:02 AM,10.08,125.5,32.0,3.0,010 km N 49° W of San Jose (Dinagat)
182,14 Feb 2017 - 01:49 AM,9.74,126.33,21.0,3.1,019 km S 75° E of General Luna (Surigao Del Norte)
183,14 Feb 2017 - 01:37 AM,10.03,125.52,46.0,3.2,006 km N 78° W of San Jose (Dinagat)
184,13 Feb 2017 - 11:03 PM,15.38,122.48,32.0,2.2,074 km N 23° E of Jomalig (Quezon)
185,13 Feb 2017 - 11:02 PM,20.38,120.12,26.0,3.4,182 km N 89° W of Sabtang (Batanes)
186,13 Feb 2017 - 10:44 PM,8.95,124.52,17.0,2.9,027 km S 41° W of Catarman (Camiguin)
187,13 Feb 2017 - 08:51 PM,17.8,120.42,24.0,2.2,008 km S 29° W of Sinait (Ilocos Sur)
188,13 Feb 2017 - 07:50 PM,13.65,120.62,112.0,2.6,020 km S 05° W of Calatagan (Batangas)
189,13 Feb 2017 - 07:14 PM,9.7,125.42,7.0,3.9,013 km S 39° W of Surigao City (Surigao Del Norte)
190,13 Feb 2017 - 07:10 PM,9.72,125.41,7.0,3.2,012 km S 49° W of Surigao City (Surigao Del Norte)
191,13 Feb 2017 - 07:08 PM,9.74,125.52,31.0,2.8,006 km S 28° E of Surigao City (Surigao Del Norte)
192,13 Feb 2017 - 02:14 PM,9.89,125.58,48.0,2.4,015 km N 42° E of Surigao City (Surigao Del Norte)
193,13 Feb 2017 - 01:30 PM,18.33,120.97,23.0,2.5,043 km N 70° E of Laoag City
194,13 Feb 2017 - 11:40 AM,9.05,125.19,53.0,2.3,005 km N 13° W of Magsaysay (Linugos) (Misamis Oriental)
195,13 Feb 2017 - 10:39 AM,6.28,126.34,70.0,3.7,050 km S 36° E of Governor Generoso (Davao Oriental)
196,13 Feb 2017 - 09:59 AM,12.04,125.27,18.0,2.6,020 km N 77° W of Can-avid (Eastern Samar)
197,13 Feb 2017 - 04:22 AM,10.05,125.52,34.0,2.9,007 km N 67° W of San Jose (Dinagat)
198,13 Feb 2017 - 03:51 AM,10.01,125.51,31.0,4.1,024 km N 05° E of Surigao City (Surigao Del Norte)
199,13 Feb 2017 - 02:29 AM,10.02,125.6,55.0,2.2,003 km S 88° E of San Jose (Dinagat)
200,13 Feb 2017 - 12:52 AM,6.82,124.64,27.0,3.0,054 km S 67° W of Kidapawan City
201,12 Feb 2017 - 11:27 PM,9.92,126.28,11.0,2.9,020 km N 40° E of General Luna (Surigao Del Norte)
202,12 Feb 2017 - 11:01 PM,9.85,126.38,11.0,4.0,025 km N 72° E of General Luna (Surigao Del Norte)
203,12 Feb 2017 - 10:42 PM,9.82,125.53,26.0,3.1,004 km N 53° E of Surigao City (Surigao Del Norte)
204,12 Feb 2017 - 08:16 PM,10.07,125.51,33.0,3.3,009 km N 52° W of San Jose (Dinagat)
205,12 Feb 2017 - 08:13 PM,13.62,120.57,145.0,2.4,025 km S 16° W of Calatagan (Batangas)
206,12 Feb 2017 - 07:26 PM,9.73,125.3,2.0,3.5,022 km S 74° W of Surigao City (Surigao Del Norte)
207,12 Feb 2017 - 06:18 PM,9.89,125.34,2.0,3.1,021 km N 58° W of Surigao City (Surigao Del Norte)
208,12 Feb 2017 - 04:14 PM,7.76,124.76,27.0,2.3,063 km S 36° W of Malaybalay (Bukidnon)
209,12 Feb 2017 - 11:01 AM,9.73,125.33,7.0,4.2,019 km S 70° W of Surigao City (Surigao Del Norte)
210,12 Feb 2017 - 10:35 AM,9.72,125.35,2.0,3.6,018 km S 61° W of Surigao City (Surigao Del Norte)
211,12 Feb 2017 - 10:33 AM,9.88,125.47,35.0,2.2,010 km N 16° W of Surigao City (Surigao Del Norte)
212,12 Feb 2017 - 08:55 AM,10.03,125.52,26.0,2.8,006 km N 86° W of San Jose (Dinagat)
213,12 Feb 2017 - 07:12 AM,9.98,125.43,27.0,2.1,017 km S 74° W of San Jose (Dinagat)
214,12 Feb 2017 - 06:53 AM,9.81,125.47,18.0,2.5,004 km N 47° W of Surigao City (Surigao Del Norte)
215,12 Feb 2017 - 06:21 AM,9.87,125.52,30.0,2.4,010 km N 20° E of Surigao City (Surigao Del Norte)
216,12 Feb 2017 - 05:33 AM,8.78,125.76,10.0,2.9,007 km N 05° E of Bayugan City (Agusan Del Sur)
217,12 Feb 2017 - 05:21 AM,7.62,122.02,21.0,2.5,036 km N 08° W of Sibuco (Zamboanga Del Norte)
218,12 Feb 2017 - 04:57 AM,9.0,126.49,26.0,2.5,023 km N 67° E of Cagwait (Surigao Del Sur)
219,12 Feb 2017 - 04:40 AM,9.01,126.49,19.0,4.6,023 km N 65° E of Cagwait (Surigao Del Sur)
220,12 Feb 2017 - 04:32 AM,9.96,125.49,25.0,2.3,011 km S 86° W of Dinagat (Dinagat)
221,12 Feb 2017 - 04:26 AM,9.97,125.44,27.0,2.6,016 km S 67° W of San Jose (Dinagat)
222,12 Feb 2017 - 02:19 AM,13.12,124.14,10.0,2.1,007 km S 13° E of Rapu-rapu (Albay)
223,12 Feb 2017 - 12:50 AM,8.85,122.75,23.0,2.4,039 km S 52° W of Siaton (Negros Oriental)
224,12 Feb 2017 - 12:48 AM,10.05,125.46,27.0,2.6,013 km N 79° W of San Jose (Dinagat)
225,12 Feb 2017 - 12:10 AM,10.02,125.45,28.0,2.1,013 km 00° W of San Jose (Dinagat)
226,11 Feb 2017 - 11:38 PM,10.07,125.46,28.0,3.1,014 km N 68° W of San Jose (Dinagat)
227,11 Feb 2017 - 11:37 PM,10.06,125.46,29.0,2.0,014 km N 72° W of San Jose (Dinagat)
228,11 Feb 2017 - 11:34 PM,9.64,125.43,33.0,2.4,018 km S 22° W of Surigao City (Surigao Del Norte)
229,11 Feb 2017 - 11:07 PM,9.9,125.43,22.0,2.9,014 km N 32° W of Surigao City (Surigao Del Norte)
230,11 Feb 2017 - 10:37 PM,9.94,125.5,32.0,2.5,012 km S 40° W of San Jose (Dinagat)
231,11 Feb 2017 - 09:47 PM,10.37,125.56,30.0,2.5,002 km N 65° W of Loreto (Dinagat)
232,11 Feb 2017 - 09:41 PM,14.48,119.44,29.0,2.2,087 km S 53° W of San Antonio (Zambales)
233,11 Feb 2017 - 09:33 PM,9.82,125.46,30.0,2.0,005 km N 53° W of Surigao City (Surigao Del Norte)
234,11 Feb 2017 - 08:59 PM,9.54,125.36,35.0,2.0,030 km S 30° W of Surigao City (Surigao Del Norte)
235,11 Feb 2017 - 07:52 PM,10.07,125.46,31.0,2.4,014 km N 70° W of San Jose (Dinagat)
236,11 Feb 2017 - 07:37 PM,6.93,125.41,6.0,3.7,019 km N 16° E of Digos City (Davao Del Sur)
237,11 Feb 2017 - 06:54 PM,5.94,124.43,41.0,2.2,022 km S 74° W of Kiamba (Sarangani)
238,11 Feb 2017 - 06:51 PM,9.95,125.4,22.0,2.2,017 km N 86° E of Pintuyan (Southern Leyte)
239,11 Feb 2017 - 06:37 PM,6.83,125.47,29.0,2.3,014 km N 57° E of Digos City (Davao Del Sur)
240,11 Feb 2017 - 06:33 PM,10.1,125.46,29.0,2.1,015 km N 57° W of San Jose (Dinagat)
241,11 Feb 2017 - 06:12 PM,10.02,125.46,24.0,2.4,012 km S 87° W of San Jose (Dinagat)
242,11 Feb 2017 - 06:01 PM,10.16,125.54,33.0,2.4,016 km N 14° W of San Jose (Dinagat)
243,11 Feb 2017 - 05:45 PM,6.87,125.45,10.0,3.4,014 km N 41° E of Digos City (Davao Del Sur)
244,11 Feb 2017 - 05:32 PM,6.79,125.55,41.0,4.4,020 km N 83° E of Digos City (Davao Del Sur)
245,11 Feb 2017 - 05:15 PM,6.82,125.47,22.0,4.5,013 km N 66° E of Digos City (Davao Del Sur)
246,11 Feb 2017 - 05:11 PM,9.76,125.4,8.0,4.9,011 km S 73° W of Surigao City (Surigao Del Norte)
247,11 Feb 2017 - 05:04 PM,7.39,124.22,24.0,3.7,019 km S 36° E of Balabagan (Lanao Del Sur)
248,11 Feb 2017 - 04:45 PM,9.95,125.44,56.0,2.3,016 km S 61° W of San Jose (Dinagat)
249,11 Feb 2017 - 04:25 PM,12.21,121.47,23.0,2.9,032 km N 15° W of Caluya (Antique)
250,11 Feb 2017 - 03:58 PM,10.07,125.54,32.0,3.0,006 km N 37° W of San Jose (Dinagat)
251,11 Feb 2017 - 03:04 PM,19.06,121.53,22.0,2.1,026 km S 15° E of Calayan (Cagayan)
252,11 Feb 2017 - 02:53 PM,10.23,125.5,36.0,2.2,005 km N 51° W of Libjo (Surigao Del Norte)
253,11 Feb 2017 - 12:18 PM,10.27,125.52,81.0,2.8,008 km N 12° W of Libjo (Surigao Del Norte)
254,11 Feb 2017 - 10:53 AM,10.06,125.39,19.0,3.2,033 km N 19° W of Surigao City (Surigao Del Norte)
255,11 Feb 2017 - 09:42 AM,9.98,125.47,25.0,2.5,012 km S 68° W of San Jose (Dinagat)
256,11 Feb 2017 - 09:21 AM,8.57,125.94,1.0,3.0,003 km S 88° E of Prosperidad (Agusan Del Sur)
257,11 Feb 2017 - 07:45 AM,9.95,125.51,35.0,2.5,011 km S 42° W of Dinagat (Dinagat)
258,11 Feb 2017 - 06:53 AM,10.3,125.55,33.0,2.0,031 km N 05° W of San Jose (Dinagat)
259,11 Feb 2017 - 05:41 AM,17.17,119.92,1.0,2.7,056 km S 87° W of Candon City (Ilocos Sur)
260,11 Feb 2017 - 05:06 AM,10.31,126.44,20.0,3.7,052 km N 52° E of Burgos (Surigao Del Norte)
261,11 Feb 2017 - 04:33 AM,10.01,125.5,31.0,3.1,008 km S 77° W of San Jose (Dinagat)
262,11 Feb 2017 - 04:19 AM,9.92,125.49,30.0,3.4,015 km N 03° W of Surigao City (Surigao Del Norte)
263,11 Feb 2017 - 03:44 AM,10.03,125.45,28.0,2.1,014 km N 85° W of San Jose (Dinagat)
264,11 Feb 2017 - 03:30 AM,9.92,125.5,45.0,3.0,014 km N 03° W of Surigao City (Surigao Del Norte)
265,11 Feb 2017 - 03:24 AM,9.98,125.48,27.0,3.3,011 km S 66° W of San Jose (Dinagat)
266,11 Feb 2017 - 03:17 AM,9.87,125.47,27.0,2.8,009 km N 15° W of Surigao City (Surigao Del Norte)
267,11 Feb 2017 - 03:12 AM,10.07,125.47,33.0,2.7,013 km N 67° W of San Jose (Dinagat)
268,11 Feb 2017 - 02:51 AM,10.03,125.48,28.0,2.9,010 km N 88° W of San Jose (Dinagat)
269,11 Feb 2017 - 02:42 AM,4.51,124.56,110.0,3.3,144 km S 45° W of Sarangani (Davao Occidental)
270,11 Feb 2017 - 02:39 AM,7.35,126.42,26.0,2.8,016 km N 83° W of Caraga (Davao Oriental)
271,11 Feb 2017 - 02:07 AM,9.95,125.42,38.0,2.6,019 km N 25° W of Surigao City (Surigao Del Norte)
272,11 Feb 2017 - 01:59 AM,9.92,125.47,30.0,2.6,014 km N 11° W of Surigao City (Surigao Del Norte)
273,11 Feb 2017 - 01:40 AM,9.75,125.54,30.0,2.7,007 km S 49° E of Surigao City (Surigao Del Norte)
274,11 Feb 2017 - 01:32 AM,9.95,125.44,28.0,3.3,016 km S 62° W of San Jose (Dinagat)
275,11 Feb 2017 - 01:22 AM,9.98,125.47,33.0,2.6,013 km S 67° W of San Jose (Dinagat)
276,11 Feb 2017 - 01:17 AM,10.01,125.49,28.0,3.4,009 km S 81° W of San Jose (Dinagat)
277,11 Feb 2017 - 01:05 AM,9.94,125.46,39.0,3.0,015 km S 53° W of San Jose (Dinagat)
278,11 Feb 2017 - 12:41 AM,10.14,125.52,31.0,2.0,021 km N 20° W of Dinagat (Dinagat)
279,11 Feb 2017 - 12:35 AM,9.28,126.2,16.0,3.6,001 km N 66° E of Cortes (Surigao Del Sur)
280,11 Feb 2017 - 12:19 AM,10.04,125.47,24.0,2.3,012 km N 80° W of San Jose (Dinagat)
281,11 Feb 2017 - 12:16 AM,9.93,125.46,46.0,2.1,015 km S 76° W of Dinagat (Dinagat)
282,11 Feb 2017 - 12:10 AM,10.04,125.57,41.0,2.7,029 km N 16° E of Surigao City (Surigao Del Norte)
283,10 Feb 2017 - 11:58 PM,7.32,126.64,57.0,3.7,008 km S 84° E of Caraga (Davao Oriental)
284,10 Feb 2017 - 11:52 PM,9.93,125.53,21.0,2.8,011 km S 26° W of San Jose (Dinagat)
285,10 Feb 2017 - 11:36 PM,10.07,125.5,30.0,3.4,010 km N 57° W of San Jose (Dinagat)
286,10 Feb 2017 - 11:30 PM,9.78,125.22,6.0,3.3,019 km S 10° W of Pintuyan (Southern Leyte)
287,10 Feb 2017 - 11:25 PM,9.9,125.49,50.0,2.8,013 km N 02° W of Surigao City (Surigao del Norte)
288,10 Feb 2017 - 11:09 PM,9.77,125.37,1.0,3.8,006 km S 81° W of San Francisco (Anao-aon) (Surigao Del Norte)
289,10 Feb 2017 - 10:03 PM,9.8,125.35,10.0,6.7,016 km N 77° W of Surigao City
290,10 Feb 2017 - 08:10 PM,18.67,120.38,5.0,4.1,032 km N 58° W of Pasuquin (Ilocos Norte)
291,10 Feb 2017 - 06:44 PM,7.8,124.6,4.0,2.5,018 km N 70° W of Kalilangan (Bukidnon)
292,10 Feb 2017 - 04:00 PM,16.36,122.05,10.0,2.1,012 km N 43° W of Casiguran (Aurora)
293,10 Feb 2017 - 03:59 PM,9.74,124.03,33.0,2.1,013 km S 11° E of Catigbian (Bohol)
294,10 Feb 2017 - 03:08 PM,10.16,122.46,27.0,2.1,027 km N 41° W of Cauayan (Negros Occidental)
295,10 Feb 2017 - 02:54 PM,10.0,122.16,25.0,2.3,054 km S 28° E of Anini-y (Antique)
296,10 Feb 2017 - 01:32 PM,4.98,127.55,116.0,3.1,235 km S 78° E of Sarangani (Davao Occidental)
297,10 Feb 2017 - 01:31 PM,18.34,120.81,28.0,3.2,020 km 00° East of Pasuquin (Ilocos Norte)
298,10 Feb 2017 - 12:40 PM,17.42,119.53,5.0,3.5,089 km S 78° W of Santa Catalina (Ilocos Sur)
299,10 Feb 2017 - 07:08 AM,9.05,121.81,32.0,2.8,094 km S 54° W of Hinoba-an (Negros Occidental)
300,10 Feb 2017 - 06:29 AM,13.84,120.51,197.0,2.2,013 km N 88° W of Calatagan (Batangas)
301,10 Feb 2017 - 03:15 AM,16.33,122.23,23.0,2.1,008 km S 15° E of Dilasag (Aurora)
302,10 Feb 2017 - 02:14 AM,6.69,126.58,44.0,2.5,043 km S 21° E of Tarragona (Davao Oriental)
303,10 Feb 2017 - 01:42 AM,17.87,120.75,1.0,3.0,010 km S 48° E of Nueva Era (Ilocos Norte)
304,10 Feb 2017 - 01:39 AM,9.96,126.01,14.0,2.8,001 km S 48° E of San Benito (Surigao Del Norte)
305,10 Feb 2017 - 12:50 AM,14.18,120.35,11.0,2.2,032 km N 70° W of Nasugbu (Batangas)
306,09 Feb 2017 - 04:54 PM,5.96,124.69,25.0,2.6,008 km S 67° E of Kiamba (Sarangani)
307,09 Feb 2017 - 02:48 PM,6.14,126.49,18.0,3.6,073 km S 40° W of Governor Generoso (Davao Oriental)
308,09 Feb 2017 - 12:39 PM,19.11,121.21,26.0,3.5,033 km S 55° W of Calayan (Cagayan)
309,09 Feb 2017 - 12:37 PM,6.2,126.37,2.0,3.5,060 km S 33° W of Governor Generoso (Davao Oriental)
310,09 Feb 2017 - 12:19 PM,5.19,126.64,31.0,2.9,103 km S 38° E of Governor Generoso (Davao Oriental)
311,09 Feb 2017 - 11:09 AM,6.12,126.47,14.0,3.2,073 km S 37° E of Governor Generoso (Davao Oriental)
312,09 Feb 2017 - 08:15 AM,6.08,125.39,21.0,3.0,012 km S 84° E of Alabel (Sarangani)
313,09 Feb 2017 - 08:03 AM,5.92,125.34,26.0,2.2,008 km S 45° E of Malapatan (Sarangani)
314,09 Feb 2017 - 07:23 AM,14.07,120.45,20.0,2.1,019 km S 88° W of Nasugbu (Batangas)
315,09 Feb 2017 - 06:03 AM,14.96,122.21,86.0,2.1,021 km N 02° E of Patnanungan (Quezon)
316,09 Feb 2017 - 04:54 AM,13.98,120.43,88.0,3.5,024 km S 63° W of Nasugbu (Batangas)
317,09 Feb 2017 - 03:59 AM,6.33,126.23,63.0,3.3,039 km S 26° E of Governor Generoso (Davao Oriental)
318,09 Feb 2017 - 03:22 AM,11.44,124.76,51.0,2.1,009 km N 79° W of Babatngon (Leyte)
319,09 Feb 2017 - 02:30 AM,7.19,126.68,6.0,2.5,011 km S 05° E of Panabo City (Davao Del Norte)
320,09 Feb 2017 - 02:02 AM,11.46,124.91,4.0,2.9,009 km N 61° E of Babatngon (Leyte)
321,09 Feb 2017 - 01:19 AM,11.13,124.67,9.0,2.9,014 km S 60° W of Jaro (Leyte)
322,09 Feb 2017 - 01:05 AM,11.15,124.71,2.0,3.5,009 km S 65° W of Jaro (Leyte)
323,09 Feb 2017 - 12:47 AM,11.11,124.8,2.0,3.4,010 km S 13° E of Jaro (Leyte)
324,08 Feb 2017 - 11:52 PM,15.36,120.48,132.0,1.7,013 km N 49° W of Bamban (Tarlac)
325,08 Feb 2017 - 10:05 PM,18.03,122.3,27.0,2.1,042 km S 52° E of Gonzaga (Cagayan)
326,08 Feb 2017 - 05:38 PM,8.84,121.89,34.0,2.5,104 km S 40° W of Hinoba-an (Negros Occidental)
327,08 Feb 2017 - 02:04 PM,10.1,121.95,5.0,2.2,037 km S 04° E of Aniniy-y (Antique)
328,08 Feb 2017 - 09:35 AM,16.04,119.95,23.0,2.2,013 km S 15° W of Alaminos City (Pangasinan)
329,08 Feb 2017 - 08:59 AM,14.95,122.06,1.0,3.7,015 km N 43° E of Burdeos (Quezon)
330,08 Feb 2017 - 02:34 AM,13.44,120.44,33.0,2.3,005 km N 48° W of Paluan (Occidental Mindoro)
331,07 Feb 2017 - 04:54 PM,17.82,121.65,105.0,2.9,008 km S 79° E of Amulung (Cagayan)
332,07 Feb 2017 - 04:21 PM,19.1,121.22,23.0,4.3,056 km N 16° E of Claveria (Cagayan)
333,07 Feb 2017 - 01:26 AM,11.27,124.55,7.0,2.1,010 km S 72° W of Capoocan (Leyte)
334,06 Feb 2017 - 08:29 PM,12.92,124.63,26.0,2.0,039 km N 47° E of Biri (Northern Samar)
335,06 Feb 2017 - 07:48 PM,11.66,126.17,1.0,3.5,071 km N 58° E of Hernani (Eastern Samar)
336,06 Feb 2017 - 12:25 PM,13.8,120.14,41.0,2.3,006 km S 22° E of Lubang (Occidental Mindoro)
337,06 Feb 2017 - 10:05 AM,7.73,126.01,27.0,2.9,010 km N 50° W of Compostela Valley (Compostela Valley)
338,06 Feb 2017 - 06:11 AM,11.24,126.24,11.0,3.1,061 km N 68° E of Guiuan (Eastern Samar)
339,05 Feb 2017 - 11:07 PM,6.7,126.79,53.0,3.7,053 km S 45° E of Tarragona (Davao Oriental)
340,05 Feb 2017 - 06:50 PM,11.18,124.47,21.0,2.0,003 km N 08° W of Matag-ob (Leyte)
341,05 Feb 2017 - 03:23 AM,9.27,123.22,4.0,3.0,006 km S 78° W of Luzurriaga (Valencia) (Negros Oriental)
342,05 Feb 2017 - 03:18 AM,9.3,123.19,6.0,4.3,009 km N 82° W of Luzurriaga (Valencia) (Negros Oriental)
343,05 Feb 2017 - 02:38 AM,9.27,123.16,1.0,1.9,012 km S 82° W of Luzurriaga (Valencia) (Negros Oriental)
344,05 Feb 2017 - 02:37 AM,9.29,123.18,2.0,3.2,013 km S 58° W of Luzurriaga (Valencia) (Negros Oriental)
345,05 Feb 2017 - 02:02 AM,5.08,124.46,15.0,4.2,118 km S 71° W of Sarangani (Davao Occidental)
346,05 Feb 2017 - 12:38 AM,13.09,124.27,4.0,2.2,010 km N 69° E of Prieto Diaz (Sorsogon)
347,05 Feb 2017 - 12:29 AM,13.54,120.67,103.0,3.0,013 km N 32° W of Abra De Ilog (Occidental Mindoro)
348,05 Feb 2017 - 12:01 AM,14.27,120.35,103.0,2.2,024 km S 37° W of Mariveles (Bataan)
349,04 Feb 2017 - 09:09 PM,12.95,124.72,29.0,2.3,050 km N 10° E of Catarman (Northern Samar)
350,04 Feb 2017 - 08:40 PM,6.65,123.77,2.0,2.4,033 km N 89° W of Lebak (Sultan Kudarat)
351,04 Feb 2017 - 07:31 PM,6.53,126.32,44.0,2.3,030 km S 63° E of Governor Generoso (Davao Oriental)
352,04 Feb 2017 - 03:32 PM,7.41,126.54,133.0,3.4,009 km N 16° W of Caraga (Davao Oriental)
353,04 Feb 2017 - 03:22 PM,8.01,124.14,5.0,3.1,011 km N 86° E of Munai (Lanao Del Norte)
354,04 Feb 2017 - 01:09 AM,6.82,124.92,24.0,2.0,003 km N 66° W of Columbio (Sultan Kudarat)
355,03 Feb 2017 - 11:32 PM,6.83,125.02,16.0,2.0,021 km N 68° E of Datu Paglas (Maguindanao)
356,03 Feb 2017 - 07:47 PM,6.35,126.91,40.0,3.3,092 km S 34° E of Tarragona (Davao Oriental)
357,03 Feb 2017 - 10:07 AM,6.69,126.33,51.0,2.2,029 km N 80° E of Governor Generoso (Davao Oriental)
358,03 Feb 2017 - 08:36 AM,20.0,120.93,1.0,3.4,097 km N 36° W of Calayan (Cagayan)
359,03 Feb 2017 - 08:30 AM,19.81,121.31,4.0,2.6,061 km N 15° W of Calayan (Cagayan)
360,03 Feb 2017 - 08:14 AM,13.1,120.98,29.0,3.0,028 km N 84° E of Santa Cruz (Occidental Mindoro)
361,03 Feb 2017 - 04:29 AM,9.38,126.95,8.0,3.3,084 km N 82° E of Cortes (Surigao Del Sur)
362,03 Feb 2017 - 03:29 AM,13.97,120.51,9.0,2.1,017 km S 62° W of Lian (Batangas)
363,03 Feb 2017 - 02:57 AM,4.31,126.29,4.0,3.3,154 km S 36° E of Sarangani (Davao Occidental)
364,03 Feb 2017 - 01:46 AM,7.65,126.82,19.0,4.4,030 km N 73° E of Baganga (Davao Oriental)
365,02 Feb 2017 - 08:31 PM,10.9,125.96,20.0,3.1,031 km S 79° E of Guiuan (Eastern Samar)
366,02 Feb 2017 - 05:46 PM,14.3,119.3,33.0,2.5,101 km N 61° W of Lubang (Occidental Mindoro)
367,02 Feb 2017 - 03:53 PM,5.14,127.93,88.0,4.0,265 km S 51° E of Governor Generoso (Davao Oriental)
368,02 Feb 2017 - 02:27 PM,9.85,124.16,28.0,2.4,017 km S 87° E of Catigbian (Bohol)
369,02 Feb 2017 - 01:21 PM,5.56,127.13,34.0,3.6,168 km S 44° E of Governor Generoso (Davao Oriental)
370,02 Feb 2017 - 09:21 AM,12.8,123.99,42.0,2.5,019 km S 06° W of Sorsogon (Sorsogon)
371,02 Feb 2017 - 05:51 AM,14.59,119.9,33.0,2.8,041 km S 76° W of Morong (Bataan)
372,02 Feb 2017 - 04:45 AM,18.9,121.07,19.0,3.2,033 km N 02° W of Claveria (Cagayan)
373,02 Feb 2017 - 01:08 AM,9.86,122.99,1.0,3.5,021 km S 69° W of Tayasan (Negros Oriental)
374,02 Feb 2017 - 01:02 AM,15.52,120.03,23.0,3.1,009 km S 75° E of Masinloc (Zambales)
375,02 Feb 2017 - 12:43 AM,7.48,125.99,1.0,2.4,058 km N 45° E of Davao City
376,01 Feb 2017 - 09:37 PM,19.24,121.11,23.0,2.1,037 km S 82° W of Calayan (Cagayan)
377,01 Feb 2017 - 08:39 PM,9.93,123.15,7.0,2.9,002 km S 87° W of Tayasan (Negros Oriental)
378,01 Feb 2017 - 07:43 PM,16.65,119.99,27.0,3.1,031 km N 20° E of Bolinao (Pangasinan)
379,01 Feb 2017 - 04:39 AM,9.68,126.23,29.0,3.7,014 km S 34° E of General Luna (Surigao Del Norte)
380,01 Feb 2017 - 04:11 AM,2.43,126.74,5.0,3.9,360 km S 23° E of Sarangani (Davao Occidental)
381,01 Feb 2017 - 03:39 AM,17.15,122.01,26.0,3.1,013 km N 87° E of Ilagan (Isabela)
382,01 Feb 2017 - 02:04 AM,6.87,126.8,26.0,3.7,043 km S 63° E of Tarragona (Davao Oriental)
383,01 Feb 2017 - 12:47 AM,8.97,123.91,27.0,2.4,036 km S 60° E of Lazi (Siquijor)
1,31 Mar 2017 - 08:53 PM,9.76,122.47,30.0,2.5,007 km S 86° W of Sipalay (Negros Occidental)
2,31 Mar 2017 - 08:25 PM,9.95,126.23,12.0,3.1,016 km N 86° E of San Isidro (Surigao del Norte)
3,31 Mar 2017 - 07:00 PM,13.6,120.24,5.0,2.7,014 km S 06° W of Looc (Occidental Mindoro)
4,31 Mar 2017 - 06:52 PM,19.78,120.25,43.0,4.4,139 km N 67° W of Calayan (Cagayan)
5,31 Mar 2017 - 06:29 PM,12.95,124.67,24.0,2.1,051 km N 34° W of Pambujan (Northern Samar)
6,31 Mar 2017 - 06:08 PM,10.21,125.49,31.0,2.1,020 km S 30° W of Loreto (Dinagat)
7,31 Mar 2017 - 05:15 PM,8.66,122.75,13.0,2.4,041 km N 68° W of Manukan (Zamboanga del Norte)
8,31 Mar 2017 - 04:32 PM,16.61,119.95,22.0,2.0,025 km N 15° E of Bolinao (Pangasinan)
9,31 Mar 2017 - 04:29 PM,13.04,124.67,34.0,2.0,044 km S 88° E of Prieto Diaz (Sorsogon)
10,31 Mar 2017 - 01:44 PM,13.73,120.57,127.0,2.8,013 km S 30° W of Calatagan (Batangas)
11,31 Mar 2017 - 10:49 AM,10.1,123.15,23.0,2.5,014 km N 23° W of Jimalalud (Negros Oriental)
12,31 Mar 2017 - 10:33 AM,9.92,124.25,6.0,2.4,004 km N 36° W of Dagohoy (Bohol)
13,31 Mar 2017 - 08:27 AM,9.94,125.34,6.0,2.5,010 km S 90° E of Pintuyan (Southern Leyte)
14,31 Mar 2017 - 07:42 AM,12.86,125.15,17.0,3.1,035 km N 06° E of Palapag (Northern Samar)
15,31 Mar 2017 - 04:53 AM,18.87,121.16,32.0,2.3,030 km N 15° E of Claveria (Cagayan)
16,31 Mar 2017 - 03:36 AM,16.13,120.91,4.0,2.1,004km S 48° W of Santa Fe (Nueva Viscaya)
17,31 Mar 2017 - 02:45 AM,14.25,120.46,14.0,2.0,026km N 43° W of Nasugbu (Batangas)
18,31 Mar 2017 - 01:57 AM,9.31,125.64,24.0,2.8,018 km N 41° E of Tubay (Agusan del Norte)
19,31 Mar 2017 - 01:37 AM,9.64,123.74,27.0,2.7,006 km N 08° W of Panglao (Bohol)
20,31 Mar 2017 - 01:08 AM,9.94,124.24,19.0,2.5,003 km S 69° E of Danao (Bohol)
21,31 Mar 2017 - 12:46 AM,8.22,123.38,30.0,2.1,018 km N 39° W of Molave (Zamboanga del Sur)
22,31 Mar 2017 - 12:41 AM,14.09,120.41,103.0,3.6,023 km N 87° W of Nasugbu (Batangas)
23,30 Mar 2017 - 10:55 PM,9.55,122.74,17.0,2.0,033 km S 29° E of Candoni (Negros Occidental)
24,30 Mar 2017 - 10:36 PM,8.28,126.14,98.0,3.0,024 km S 66° E of Hinatuan (Surigao del Sur)
25,30 Mar 2017 - 08:52 PM,6.52,124.33,33.0,2.0,031 km S 67° W of Isulan (Sultan Kudarat)
26,30 Mar 2017 - 11:03 AM,13.72,120.6,87.0,2.1,013 km S 18° W of Calatagan (Batangas)
27,30 Mar 2017 - 04:04 AM,12.3,124.49,13.0,2.6,027 km S 35° W of Catarman (Northern Samar)
28,30 Mar 2017 - 03:41 AM,8.81,127.07,1.0,3.0,084 km N 90° E of Marihatag (Surigao Del Sur)
29,30 Mar 2017 - 01:17 AM,9.93,124.19,13.0,2.8,004 km S 51° W of Danao (Bohol)
30,29 Mar 2017 - 08:17 PM,10.31,125.13,1.0,2.8,014 km S 69° W of Hinundayan (Southern Leyte)
31,29 Mar 2017 - 07:21 PM,9.52,123.92,8.0,2.3,011 km S 22° W of Alburquerque (Bohol)
32,29 Mar 2017 - 07:09 PM,8.78,126.31,12.0,2.7,003 km S 29° E of Marihatag (Surigao Del Sur)
33,29 Mar 2017 - 06:40 PM,11.22,124.51,6.0,2.8,017 km S 07° E of Leyte (Leyte)
34,29 Mar 2017 - 01:15 PM,13.76,120.53,126.0,2.4,014 km S 55° W of Calatagan (Batangas)
35,29 Mar 2017 - 11:30 AM,2.9,125.92,140.0,5.6,285 km S 11° E of Sarangani (Davao Occidental)
36,29 Mar 2017 - 08:39 AM,6.89,125.25,1.0,2.9,019 km S 68° E of Makilala (North Cotabato)
37,29 Mar 2017 - 07:39 AM,6.89,125.12,5.0,3.1,009 km S 24° E of Makilala (North Cotabato)
38,29 Mar 2017 - 07:12 AM,9.8,125.46,24.0,2.0,004 km N 77° W of Surigao City ( (Surigao Del Norte)
39,29 Mar 2017 - 04:39 AM,10.03,126.12,17.0,2.9,006 km N 80° E of Burgos (Surigao Del Norte)
40,28 Mar 2017 - 08:06 PM,19.24,121.09,34.0,3.0,040 km S 84° W of Calayan (Cagayan)
41,28 Mar 2017 - 06:08 PM,8.03,126.12,15.0,4.1,004 km S 29° W of San Isidro (Agusan del Sur)
42,28 Mar 2017 - 05:15 PM,15.99,119.56,15.0,2.8,028 km S 61° W of Agno (Pangasinan)
43,28 Mar 2017 - 04:34 PM,4.8,126.9,140.0,3.2,186 km S 50° E of Jose Abad Santos (Davao Occidental)
44,28 Mar 2017 - 03:07 PM,4.5,126.73,27.0,3.4,173 km S 53° E of Sarangani (Davao Occidental)
45,28 Mar 2017 - 01:18 PM,5.76,125.29,13.0,2.7,013 km S 58° E of Glan (Sarangani)
46,28 Mar 2017 - 11:05 AM,12.75,122.96,5.0,2.4,036 km S 63° W of Claveria (Masbate)
47,28 Mar 2017 - 04:35 AM,16.55,121.3,23.0,2.0,007 km N 65° E of Quezon (Nueva Vizcaya)
48,28 Mar 2017 - 03:07 AM,19.18,121.21,23.0,3.1,029 km S 68° W of Calayan (Cagayan)
49,28 Mar 2017 - 12:34 AM,10.47,125.89,28.0,2.5,036 km N 71° E of Loreto (Dinagat)
50,27 Mar 2017 - 08:15 PM,9.45,122.28,25.0,3.2,026 km S 63° W of Hinoba-an (Negros Occidental)
51,27 Mar 2017 - 08:12 PM,6.17,125.96,123.0,4.2,047 km S 55° E of Malita (Davao Occidental)
52,27 Mar 2017 - 04:20 PM,9.51,122.28,23.0,4.6,024 km S 79° W of Hinoba-an (Negros Occidental)
53,27 Mar 2017 - 09:52 AM,9.91,124.12,11.0,3.2,003 km S 79° E of Sagbayan (Bohol)
54,27 Mar 2017 - 02:12 AM,2.74,125.7,99.0,4.5,299 km S 05° E of Sarangani (Davao Occidental)
55,26 Mar 2017 - 11:29 PM,13.19,122.41,24.0,2.2,021 km S 34° W of San Francisco (Aurora) (Quezon)
56,26 Mar 2017 - 10:08 PM,10.13,125.46,27.0,2.5,011 km S 47° W of Libjo (Albor) (Surigao Del Norte)
57,26 Mar 2017 - 09:50 PM,7.38,124.06,29.0,2.9,025 km N 39° W of Cotabato City
58,26 Mar 2017 - 08:10 PM,11.32,124.52,6.0,2.5,007 km S 38° E of Leyte (Leyte)
59,26 Mar 2017 - 07:30 PM,9.76,126.84,7.0,2.8,075 km S 88° E of General Luna (Surigao Del Norte)
60,26 Mar 2017 - 05:12 PM,9.44,125.51,31.0,2.5,027 km S 23° W of Placer (Surigao Del Norte)
61,26 Mar 2017 - 02:43 PM,19.07,121.31,9.0,2.6,028 km S 35° W of Calayan (Cagayan)
62,26 Mar 2017 - 02:29 PM,16.65,120.97,8.0,2.9,012 km N 85° E of Kabayan (Benguet)
63,26 Mar 2017 - 02:13 PM,16.69,120.99,3.0,2.4,016 km N 72° E of Kabayan (Benguet)
64,26 Mar 2017 - 09:58 AM,10.96,124.56,1.0,3.0,007 km S 50° W of Ormoc City (Leyte)
65,26 Mar 2017 - 06:16 AM,16.08,119.1,16.0,4.2,075 km S 87° W of Agno (Pangasinan)
66,26 Mar 2017 - 04:30 AM,6.11,126.64,74.0,2.8,086 km S 46° E of Governor Generoso (Davao Oriental)
67,26 Mar 2017 - 04:16 AM,13.7,120.86,1.0,2.1,004 km N 20° W of Tingloy (Batangas)
68,25 Mar 2017 - 10:20 PM,13.59,120.82,28.0,2.0,009 km S 33° W of Tingloy (Batangas)
69,25 Mar 2017 - 09:45 PM,11.56,125.74,100.0,3.1,027 km N 76° E of Maydolong (Eastern Samar)
70,25 Mar 2017 - 08:34 PM,13.76,120.94,30.0,2.1,001 km N 07° E of Mabini (Batangas)
71,25 Mar 2017 - 07:22 PM,10.03,123.15,11.0,2.7,024 km N 75° E of Mabinay (Negros Oriental)
72,25 Mar 2017 - 01:53 PM,6.77,125.25,8.0,2.5,005 km N 05° E of Matanao (Davao Del Sur)
73,25 Mar 2017 - 10:06 AM,9.62,126.12,9.0,2.7,019 km S 11° W of General Luna (Surigao Del Norte)
74,25 Mar 2017 - 09:58 AM,9.71,126.38,20.0,3.0,026 km S 73° E of General Luna (Surigao Del Norte)
75,25 Mar 2017 - 09:45 AM,8.43,125.74,63.0,2.4,005 km S 70° W of Talacogon (Agusan Del Sur)
76,25 Mar 2017 - 09:21 AM,17.74,121.16,15.0,2.8,025 km S 84° E of Tineg (Abra)
77,25 Mar 2017 - 09:14 AM,19.07,121.47,23.0,3.0,023 km S 02° E of Calayan (Cagayan)
78,25 Mar 2017 - 05:30 AM,14.92,121.98,3.0,3.0,009 km N 06° E of Burdeos (Quezon)
79,25 Mar 2017 - 01:55 AM,9.86,125.31,1.0,3.7,015 km N 53° W of San Francisco (Anao-aon) (Surigao Del Norte)
80,25 Mar 2017 - 01:17 AM,11.3,124.57,6.0,3.7,008 km N 87° W of Capoocan (Leyte)
81,25 Mar 2017 - 12:51 AM,11.35,124.55,6.0,3.0,008 km S 68° E of Leyte (Leyte)
82,24 Mar 2017 - 10:38 PM,14.06,120.4,120.0,2.9,024 km S 83° W of Nasugbu (Batangas)
83,24 Mar 2017 - 10:29 PM,10.29,125.26,2.0,2.3,007 km S 06° E of Hinundayan (Southern Leyte)
84,24 Mar 2017 - 07:58 PM,17.54,122.54,33.0,2.0,034 km N 49° E of Divilacan (Isabela)
85,24 Mar 2017 - 06:33 PM,18.57,122.25,10.0,3.0,018 km N 42° E of Santa Ana (Cagayan)
86,24 Mar 2017 - 03:05 PM,7.81,124.99,30.0,2.2,027 km N 73° E of Kalilangan (Bukidnon)
87,24 Mar 2017 -11:06 AM,10.97,124.76,15.0,2.6,017 km S 76° E of Ormoc City (Leyte)
88,24 Mar 2017 -10:24 AM,6.62,126.28,26.0,3.3,022 km S 81° E of Governor Generoso (Davao Oriental)
89,24 Mar 2017 -10:24 AM,11.06,124.64,27.0,2.4,007 km N 25° E of Ormoc City (Leyte)
90,24 Mar 2017 - 04:30 AM,10.54,123.71,6.0,3.1,003 km S 15° W of Asturias (Cebu)
91,24 Mar 2017 - 01:05 AM,8.53,122.39,46.0,2.5,053 km N 16° W of Labason (Zamboanga Del Norte)
92,24 Mar 2017 - 01:00 AM,12.68,125.16,29.0,2.0,029 km N 63° E of Pambujan (Northern Samar)
93,23 Mar 2017 - 11:29 PM,10.55,123.68,12.0,2.4,004 km S 61° W of Asturias (Cebu)
94,23 Mar 2017 - 10:52 PM,6.48,126.63,37.0,3.4,064 km S 73° E of Governor Generoso (Davao Oriental)
95,23 Mar 2017 - 10:51 PM,10.55,123.66,9.0,2.0,007 km S 74° W of Asturias (Cebu)
96,23 Mar 2017 - 10:47 PM,9.94,125.2,18.0,2.2,014 km S 19° E of San Francisco (Southern Leyte)
97,23 Mar 2017 - 10:45 PM,10.11,125.14,18.0,2.3,006 km N 23° W of San Francisco (Southern Leyte)
98,23 Mar 2017 - 07:10 PM,12.56,120.85,9.0,2.2,010 km 78° W of Calintaan (Occidental Mindoro)
99,23 Mar 2017 - 06:24 PM,19.46,121.51,23.0,2.0,020 km N 14° E of Calayan (Cagayan)
100,23 Mar 2017 - 02:12 PM,19.29,121.9,103.0,3.5,046 km N 89° E of Calayan (Cagayan)
101,23 Mar 2017 - 01:35 PM,10.03,124.19,7.0,3.2,010 km N 21° W of Danao (Bohol)
102,23 Mar 2017 - 12:49 PM,13.73,124.1,28.0,2.8,018 km S 82° E of Caramoan (Camarines Sur)
103,23 Mar 2017 - 06:27 AM,20.34,121.92,33.0,2.3,005 km N 81° E of Sabtang (Batanes)
104,23 Mar 2017 - 05:41 AM,9.36,123.9,33.0,2.1,033 km N 58° E of Maria (Siquijor)
105,23 Mar 2017 - 12:41 AM,11.43,126.07,33.0,3.2,051 km N 77° E of Hernani (Eastern Samar)
106,22 Mar 2017 - 11:39 PM,10.01,125.45,27.0,3.0,013 km S 84° W of San Jose (Dinagat)
107,22 Mar 2017 - 10:20 PM,18.94,121.45,21.0,2.2,037 km S 09° E of Calayan (Cagayan)
108,22 Mar 2017 - 07:35 PM,10.03,123.18,11.0,2.9,006 km N 20° W of Jimalalud (Negros Oriental)
109,22 Mar 2017 - 06:20 PM,10.1,123.13,28.0,2.2,014 km N 50° W of La Libertad (Negros Oriental)
110,22 Mar 2017 - 06:18 PM,10.04,123.18,12.0,2.8,005 km N 83° W of La Libertad (Negros Oriental)
111,22 Mar 2017 - 05:37 PM,16.35,120.6,11.0,2.8,006 km S 05° E of Baguio City (Benguet)
112,22 Mar 2017 - 01:50 PM,9.8,125.32,3.0,3.0,019 km N 89° W of Surigao City (Surigao Del Norte)
113,22 Mar 2017 - 01:08 PM,16.5,120.39,33.0,2.5,014 km N 43° E of Baguio City
114,22 Mar 2017 - 11:37 AM,16.46,120.44,31.0,2.4,007 km N 39° W of Baguio City
115,22 Mar 2017 - 11:34 AM,16.41,120.46,11.0,3.1,002 km S 84° W of Baguio City
116,22 Mar 2017 - 09:46 AM,10.56,123.7,9.0,3.0,003 km S 64° W of Asturias (Cebu)
117,22 Mar 2017 - 09:41 AM,9.13,122.61,9.0,3.2,031 km S 07° W of Basay (Negros Oriental)
118,22 Mar 2017 - 08:08 AM,8.78,122.75,5.0,2.9,044 km S 44° W of Siaton (Negros Oriental)
119,22 Mar 2017 - 07:24 AM,8.77,122.72,20.0,3.2,048 km S 46° W of Siaton (Negros Oriental)
120,22 Mar 2017 - 07:14 AM,17.99,119.75,2.0,2.9,077 km S 87° W of Currimao (Ilocos Norte)
121,22 Mar 2017 - 12:16 AM,15.57,121.56,10.0,2.2,021 km S 01° W of Baler (Aurora)
122,21 Mar 2017 - 11:34 PM,16.36,120.47,27.0,2.0,004 km N 03° W of Pugo (La Union)
123,21 Mar 2017 - 05:01 PM,10.54,123.68,13.0,2.9,006 km S 55° W of Asturias (Cebu)
124,21 Mar 2017 - 04:08 PM,10.56,123.71,10.0,3.5,002 km S 32° W of Asturias (Cebu)
125,21 Mar 2017 - 03:09 PM,14.88,121.55,8.0,2.5,016 km N 29° W of General Nakar (Quezon)
126,21 Mar 2017 - 01:32 PM,9.82,125.4,1.0,3.2,005 km N 24° W of San Francisco (Anao-aon) (Surigao Del Norte)
127,21 Mar 2017 - 12:13 PM,10.04,125.51,32.0,2.6,018 km S 10° W of Libjo (Surigao Del Norte)
128,21 Mar 2017 - 11:20 AM,10.55,123.8,29.0,2.2,011 km S 71° E of Asturias (Cebu)
129,21 Mar 2017 - 09:13 AM,10.57,123.71,14.0,2.8,001 km S 53° W of Asturias (Cebu)
130,21 Mar 2017 - 07:58 AM,13.78,120.52,97.0,2.5,014 km S 64° W of Calatagan (Batangas)
131,21 Mar 2017 - 06:55 AM,9.31,125.46,1.0,3.7,012 km N 67° W of Santiago (Agusan Del Norte)
132,21 Mar 2017 - 06:17 AM,10.55,123.7,17.0,3.0,004 km S 36° W of Asturias (Cebu)
133,21 Mar 2017 - 04:50 AM,10.6,123.73,9.0,3.2,004 km N 26° E of Asturias (Cebu)
134,21 Mar 2017 - 04:41 AM,10.6,123.72,4.0,3.2,003 km N 07° W of Asturias (Cebu)
135,21 Mar 2017 - 03:58 AM,10.59,123.73,9.0,3.3,002 km N 32° E of Asturias (Cebu)
136,21 Mar 2017 - 03:43 AM,10.51,123.67,1.0,3.3,008 km S 42° W of Asturias (Cebu)
137,21 Mar 2017 - 03:41 AM,10.55,123.67,1.0,3.6,006 km N 64° W of Asturias (Cebu)
138,21 Mar 2017 - 02:32 AM,13.54,121.05,33.0,1.9,011 km N 66° E of Puerto Galera (Oriental Mindoro)
139,21 Mar 2017 - 02:25 AM,13.56,121.01,33.0,2.1,009 km N 39° E of Puerto Galera (Oriental Mindoro)
140,21 Mar 2017 - 12:55 AM,13.92,120.14,17.0,2.7,007 km N 16° E of Lubang (Occidental Mindoro)
141,21 Mar 2017 - 12:47 AM,13.77,120.62,87.0,1.7,007 km S 12° W of Calatagan (Batangas)
142,20 Mar 2017 - 10:35 PM,5.7,125.23,31.0,2.7,014 km S 19° E of Glan (Sarangani)
143,20 Mar 2017 - 08:26 PM,7.73,124.6,1.0,3.1,019 km N 60° W of Wao (Lanao Del Sur)
144,20 Mar 2017 - 07:15 PM,13.72,120.49,133.0,2.7,020 km S 52° W of Calatagan (Batangas)
145,20 Mar 2017 - 05:32 PM,13.63,120.18,14.0,3.1,013 km S 37° W of Looc (Occidental Mindoro)
146,20 Mar 2017 - 02:18 PM,10.08,125.26,1.0,2.8,012 km S 79° E of San Francisco (Southern Leyte)
147,20 Mar 2017 - 06:58 AM,7.63,124.69,19.0,3.1,007 km S 78° E of Wao (Lanao Del Sur)
148,20 Mar 2017 - 01:30 AM,3.74,125.94,104.0,3.6,189 km S 16° E of Sarangani (Davao Occidental)
149,19 Mar 2017 - 09:26 PM,9.93,122.93,20.0,2.1,004 km S 06° W of Mabinay (Negros Oriental)
150,19 Mar 2017 - 08:37 PM,13.64,120.31,4.0,2.1,012 km S 36° E of Looc (Occidental Mindoro)
151,19 Mar 2017 - 02:32 PM,9.77,126.0,23.0,2.7,006 km N 80° W of Dapa (Dinagat)
152,19 Mar 2017 - 02:08 PM,9.1,122.55,7.0,2.9,036 km S 16° W of Basay (Negros Oriental)
153,19 Mar 2017 - 05:03 AM,16.86,120.38,84.0,4.5,000 km 00 West of Luna (La Union)
154,19 Mar 2017 - 04:27 AM,5.93,125.84,103.0,2.6,034 km S 29° E of Don Marcelino (Davao Occidental)
155,19 Mar 2017 - 12:09 AM,15.12,119.82,34.0,2.1,029 km S 37° W of Iba (Zambales)
156,19 Mar 2017 - 12:07 AM,15.1,118.61,5.0,2.0,144 km S 75° W of Palauig (Zambales)
157,19 Mar 2017 - 12:01 AM,15.53,120.2,28.0,2.0,033 km N 47° E of Iba (Zambales)
158,18 Mar 2017 - 11:50 PM,15.43,119.18,16.0,2.5,078 km S 90° W of Palauig (Zambales)
159,18 Mar 2017 - 10:15 PM,14.86,121.86,1.0,2.7,012 km N 82° W of Burdeos (Quezon)
160,18 Mar 2017 - 09:14 PM,9.9,124.08,7.0,2.9,002 km S 33° W of Sagbayan (Bohol)
161,18 Mar 2017 - 09:13 PM,7.67,124.62,1.0,2.3,015 km N 79° W of Wao (Lanao Del Sur)
162,18 Mar 2017 - 08:37 PM,9.75,122.89,30.0,2.0,025 km S 12° W of Mabinay (Negros Oriental)
163,18 Mar 2017 - 07:35 PM,12.86,125.93,15.0,2.7,084 km N 60° E of Mapanas (Northern Samar)
164,18 Mar 2017 - 07:27 PM,7.67,124.66,1.0,3.2,011 km N 74° W of Wao (Lanao Del Sur)
165,18 Mar 2017 - 09:34 AM,12.96,124.72,8.0,2.1,049 km N 27° W of Pambujan (Northern Samar)
166,18 Mar 2017 - 09:19 AM,7.72,124.66,2.0,3.5,013 km N 49° W of Wao (Lanao Del Sur)
167,18 Mar 2017 - 08:52 AM,7.69,124.64,1.0,3.0,014 km N 69° W of Wao (Lanao Del Sur)
168,18 Mar 2017 - 07:53 AM,7.68,124.67,1.0,3.7,010 km N 68° W of Wao (Lanao Del Sur)
169,18 Mar 2017 - 06:27 AM,7.69,124.69,2.0,3.4,009 km N 57° W of Wao (Lanao Del Sur)
170,18 Mar 2017 - 04:21 AM,9.9,124.24,34.0,2.2,004 km N 87° W of Dagohoy (Bohol)
171,18 Mar 2017 - 12:15 AM,13.9,120.16,32.0,2.1,006 km N 44° E of Lubang (Occidental Mindoro)
172,17 Mar 2017 - 11:43 PM,12.96,124.74,10.0,3.2,052 km N 13° E of Catarman (Northern Samar)
173,17 Mar 2017 - 09:29 PM,20.56,121.49,4.0,2.4,046 km S 55° W of Itbayat (Batanes)
174,17 Mar 2017 - 05:01 PM,9.84,125.47,18.0,2.3,006 km N 27° W of Surigao City (Surigao Del Norte)
175,17 Mar 2017 - 04:23 PM,16.2,120.97,14.0,2.8,005 km N 30° E of Santa Fe (Nueva Vizcaya)
176,17 Mar 2017 - 02:07 PM,15.47,119.73,22.0,2.1,019 km N 79° W of Paluig (Zambales)
177,17 Mar 2017 - 11:52 AM,10.15,126.52,3.0,2.9,051 km N 74° E of Burgos (Surigao Del Norte)
178,17 Mar 2017 - 10:29 AM,18.9,121.56,70.0,2.6,044 km S 13° E of Calayan (Cagayan)
179,17 Mar 2017 - 09:57 AM,9.85,125.41,26.0,2.1,011 km N 52° W of Surigao City (Surigao Del Norte)
180,17 Mar 2017 - 07:29 AM,14.12,120.43,118.0,2.5,036 km S 09° W of Mariveles (Bataan)
181,17 Mar 2017 - 06:39 AM,13.07,124.62,2.0,2.4,051 km N 33° E of Biri (Northern Samar)
182,17 Mar 2017 - 05:56 AM,9.29,126.46,17.0,2.7,029 km N 87° E of Cortes (Surigao del Sur)
183,17 Mar 2017 - 01:28 AM,13.91,120.54,188.0,4.4,014 km N 49° W of Calatagan (Batangas)
184,17 Mar 2017 - 01:16 AM,5.43,127.78,59.0,4.8,232 km S 40° E of Tarragona (Davao Oriental)
185,16 Mar 2017 - 11:30 PM,18.7,120.79,20.0,2.6,014 km N 01° E of Pagudpud (Ilocos Norte)
186,16 Mar 2017 - 09:23 PM,13.55,120.71,133.0,2.8,012 km N 12° W of Abra de Ilog (Occidental Mindoro)
187,16 Mar 2017 - 07:14 PM,7.1,125.62,19.0,2.6,005 km N 16° E of Davao City (Davao Del Sur)
188,16 Mar 2017 - 05:49 PM,10.02,125.47,29.0,3.3,011 km S 88° W of San Jose (Dinagat)
189,16 Mar 2017 - 04:17 PM,9.37,125.59,2.0,3.0,010 km S 08° E of Kitcharao (Agusan Del Norte)
190,16 Mar 2017 - 04:11 PM,9.98,126.2,24.0,3.2,014 km S 74° E of Burgos (Surigao Del Norte)
191,16 Mar 2017 - 01:55 PM,10.1,123.25,12.0,2.1,008 km N 12° E of La Libertad (Negros Oriental)
192,16 Mar 2017 - 11:00 AM,15.77,119.66,33.0,2.1,027 km S 77° W of Infanta (Pangasinan)
193,16 Mar 2017 - 04:09 AM,14.8,121.89,1.0,2.4,009 km S 57° W of Burdeos (Quezon)
194,16 Mar 2017 - 03:06 AM,10.0,125.44,31.0,2.5,015 km S 82° W of San Jose (Dinagat)
195,16 Mar 2017 - 01:51 AM,19.0,121.3,25.0,2.7,036 km S 29° W of Calayan (Cagayan)
196,15 Mar 2017 - 09:50 PM,15.66,121.98,7.0,3.5,046 km S 77° E of Baler (Aurora)
197,15 Mar 2017 - 06:41 PM,13.0,124.73,27.0,2.0,065 km N 10° E of Catarman (Northern Samar)
198,15 Mar 2017 - 04:29 PM,13.69,120.57,83.0,2.8,017 km S 24° W of Calatagan (Batangas)
199,15 Mar 2017 - 03:22 PM,14.08,120.42,113.0,2.2,022 km S 89° W of Nasugbu (Batangas)
200,15 Mar 2017 - 11:43 AM,6.35,127.54,25.0,3.5,147 km S 59° E of Tarragona (Davao Oriental)
201,15 Mar 2017 - 09:37 AM,19.55,121.74,27.0,3.1,042 km N 44° E of Calayan (Cagayan)
202,15 Mar 2017 - 08:47 AM,15.5,119.87,32.0,3.1,010 km S 62° W of Masinloc (Zambales)
203,15 Mar 2017 - 04:10 AM,10.85,126.27,39.0,3.1,064 km S 71° E of Guiuan (Eastern Samar)
204,15 Mar 2017 - 02:34 AM,14.81,121.89,1.0,3.0,009 km S 64° W of Burdeos (Quezon)
205,14 Mar 2017 - 11:03 PM,15.27,119.91,20.0,2.4,009 km S 46° W of Iba (Zambales)
206,14 Mar 2017 - 11:01 PM,10.04,125.48,32.0,2.5,010 km N 81° W of San Jose (Dinagat)
207,14 Mar 2017 - 10:06 PM,13.68,120.56,123.0,3.1,019 km S 26° W of Calatagan (Batangas)
208,14 Mar 2017 - 08:57 PM,5.88,125.1,14.0,2.1,039 km S 07° E of Polomolok (South Cotabato)
209,14 Mar 2017 - 07:47 PM,9.7,125.35,4.0,4.8,011 km S 43° W of San Francisco (Surigao Del Norte)
210,14 Mar 2017 - 07:31 PM,9.87,124.4,6.0,3.2,006 km S 61° W of Alicia (Bohol)
211,14 Mar 2017 - 04:58 PM,13.61,120.84,3.0,2.6,007 km S 33° W of Tingloy (Batangas)
212,14 Mar 2017 - 02:43 PM,14.73,121.92,24.0,2.5,002 km N 54° W of Polillo (Quezon)
213,14 Mar 2017 - 10:33 AM,7.46,124.44,20.0,3.3,038 km N 42° E of Cotabato City
214,14 Mar 2017 - 08:18 AM,9.69,126.22,32.0,2.5,013 km S 34° E of General Luna (Surigao Del Norte)
215,14 Mar 2017 - 07:47 AM,12.85,123.52,14.0,2.2,010 km S 51° W of Donsol (Sorsogon)
216,14 Mar 2017 - 05:15 AM,8.59,125.9,9.0,2.9,002 km N 35° W of Prosperidad (Agusan Del Sur)
217,14 Mar 2017 - 03:42 AM,15.87,121.69,12.0,2.1,017 km N 81° E of Dipaculao (Aurora)
218,14 Mar 2017 - 02:36 AM,20.21,120.25,1.0,2.7,163 km N 51° W of Calayan (Cagayan)
219,13 Mar 2017 - 10:49 PM,11.25,124.53,3.0,3.0,008 km N 23° W of Kananga (Leyte)
220,13 Mar 2017 - 10:32 PM,13.2,119.89,51.0,2.7,067 km S 69° W of Paluan (Occidental Mindoro)
221,13 Mar 2017 - 10:18 PM,15.75,119.87,26.0,2.8,004 km S 73° W of Santa Cruz (Zambales)
222,13 Mar 2017 - 08:21 PM,9.6,125.14,9.0,2.6,037 km S 57° W of San Francisco (Anao-aon) (Surigao Del Norte)
223,13 Mar 2017 - 05:59 PM,12.86,122.86,27.0,2.5,043 km S 84° W of Claveria (Masbate)
224,13 Mar 2017 - 04:43 PM,9.68,123.48,33.0,1.9,011 km S 30° W of Dalaguete (Cebu)
225,13 Mar 2017 - 03:52 PM,9.7,123.63,1.0,2.7,019 km N 48° W of Panglao (Bohol)
226,13 Mar 2017 - 10:48 AM,13.94,120.5,113.0,4.3,019 km N 50° W of Calatagan (Batangas)
227,13 Mar 2017 - 03:38 AM,13.6,120.61,48.0,2.1,026 km S 06° W of Calatagan (Batangas)
228,13 Mar 2017 - 02:10 AM,14.32,120.37,100.0,2.2,018 km S 44° W of Mariveles (Bataan)
229,12 Mar 2017 - 09:37 PM,14.69,123.74,33.0,2.4,085 km N 33° W of Pandan (Catanduanes)
230,12 Mar 2017 - 09:07 PM,19.01,121.25,24.0,2.6,038 km S 37° W of Calayan (Cagayan)
231,12 Mar 2017 - 08:13 PM,13.74,121.7,12.0,2.2,024 km S 23° E of Lucena City (Quezon)
232,12 Mar 2017 - 02:17 PM,13.0,123.33,19.0,2.8,014 km N 39° E of Claveria (Masbate)
233,12 Mar 2017 - 01:27 PM,9.77,125.29,1.0,3.1,014 km S 88° W of San Francisco (Anao-aon) (Surigao Del Norte)
234,12 Mar 2017 - 12:17 PM,8.06,125.48,13.0,2.9,050 km N 50° W of Laak (San Vicente) (Compostela Valley)
235,12 Mar 2017 - 12:05 PM,8.52,122.39,33.0,2.3,0 km N 35° W of Liloy (Zamboanga Del Norte)
236,12 Mar 2017 - 10:43 AM,15.58,120.04,23.0,2.2,010 km N 64° E of Masinloc (Zambales)
237,12 Mar 2017 - 04:48 AM,9.75,125.29,8.0,2.9,022 km S 79° W of Surigao City (Surigao Del Norte)
238,12 Mar 2017 - 04:06 AM,9.83,125.25,33.0,2.6,028 km N 78° W of Surigao City
239,12 Mar 2017 - 02:47 AM,9.85,123.91,8.0,2.3,004 km S 55° W of San Isidro (Bohol)
240,12 Mar 2017 - 02:07 AM,15.87,120.07,11.0,2.8,018 km N 75° E of Infanta (Pangasinan)
241,12 Mar 2017 - 01:45 AM,17.51,120.12,17.0,3.2,026 km S 72° W of Santa Catalina (Ilocos Sur)
242,12 Mar 2017 - 01:34 AM,9.84,125.45,22.0,2.3,007 km N 42° W of Surigao City (Surigao Del Norte)
243,11 Mar 2017 - 09:32 PM,9.83,125.29,5.0,3.0,023 km N 74° W of Surigao City
244,11 Mar 2017 - 07:53 PM,13.74,120.51,74.0,2.6,021 km S 73° W of Calatagan (Batangas)
245,11 Mar 2017 - 07:28 PM,11.51,125.13,3.0,2.5,019 km S 45° E of Calbiga (Western Samar)
246,11 Mar 2017 - 06:08 PM,6.66,126.28,19.0,2.8,023 km N 88° E of Governor Generoso (Davao Oriental)
247,11 Mar 2017 - 12:46 PM,10.08,126.11,8.0,2.5,007 km N 28° E of Burgos (Surigao Del Norte)
248,11 Mar 2017 - 12:18 PM,13.55,120.8,35.0,2.1,014 km S 34° W of Tingloy (Batangas)
249,11 Mar 2017 - 05:40 AM,17.53,122.68,46.0,2.4,045 km N 61° E of Divilacan (Isabela)
250,11 Mar 2017 - 05:01 AM,10.23,121.94,9.0,3.1,022 km S 05° E of Anini-y (Antique)
251,10 Mar 2017 - 10:54 PM,10.55,125.5,23.0,3.3,023 km N 23° W of Loreto (Dinagat)
252,10 Mar 2017 - 10:30 PM,18.11,120.28,24.0,2.0,023 km N 66° W of Currimao (Ilocos Norte)
253,10 Mar 2017 - 10:13 PM,17.63,120.23,36.0,2.1,015 km N 73° W of San Vicente (Ilocos Sur)
254,10 Mar 2017 - 05:43 PM,13.56,124.8,5.0,3.2,049 km S 76° E of Baras (Catanduanes)
255,10 Mar 2017 - 04:48 PM,13.6,124.78,8.0,2.2,045 km S 82° E of Baras (Catanduanes)
256,10 Mar 2017 - 03:45 PM,13.59,124.75,7.0,2.3,042km S 79° E of Baras (Catanduanes)
257,10 Mar 2017 - 03:38 PM,14.18,121.22,11.0,2.7,001 km S 82° W of Los Baños (Laguna)
258,10 Mar 2017 - 10:23 AM,15.43,120.33,32.0,2.0,030 km N 59° W of Bamban (Tarlac)
259,10 Mar 2017 - 04:44 AM,8.85,122.03,15.0,3.3,094 km S 33° W of Hinoba-an (Negros Occidental)
260,10 Mar 2017 - 02:12 AM,10.12,122.23,15.0,2.3,044 km N 26° W of Sipalay (Negros Occidental)
261,10 Mar 2017 - 01:39 AM,19.06,121.35,4.0,2.0,027 km S 26° W of Calayan (Cagayan)
262,10 Mar 2017 - 01:38 AM,3.77,126.4,30.0,3.5,211 km S 29° E of Sarangani (Davao Occidental)
263,10 Mar 2017 - 12:54 AM,18.46,120.62,1.0,2.9,006 km S 20° W of Burgos (Ilocos Norte)
264,09 Mar 2017 - 11:22 PM,15.47,122.11,34.0,2.1,067 km S 61° E of Baler (Aurora)
265,09 Mar 2017 - 10:13 PM,9.7,126.03,15.0,2.6,007 km S 23° W of Dapa (Dinagat)
266,09 Mar 2017 - 09:30 PM,9.76,124.68,3.0,2.3,012 km N 80° E of Anda (Bohol)
267,09 Mar 2017 - 07:51 PM,17.19,123.09,32.0,2.5,029 km S 62° E of Olutanga (Zamboanga Sibugay)
268,09 Mar 2017 - 06:56 PM,15.36,122.55,35.0,2.0,074 km N 15° E of Jomalig (Quezon)
269,09 Mar 2017 - 12:20 PM,15.68,120.11,13.0,2.5,024 km S 67° W of Santa Cruz (Zambales)
270,09 Mar 2017 - 11:24 AM,10.04,125.45,29.0,2.5,014 km N 82° W of San Jose (Dinagat)
271,09 Mar 2017 - 08:36 AM,9.64,125.28,16.0,2.3,022 km S 46° W of San Francisco (Anao-aon) (Surigao Del Norte)
272,09 Mar 2017 - 08:04 AM,5.96,126.7,152.0,3.4,104 km S 42° E of Governor Generoso (Davao Oriental)
273,09 Mar 2017 - 06:16 AM,11.69,124.27,13.0,3.0,010 km N 89° W of Kawayan (Biliran)
274,09 Mar 2017 - 03:31 AM,13.17,124.04,5.0,3.5,010 km S 78° W of Rapu-rapu (Albay)
275,09 Mar 2017 - 02:49 AM,6.59,126.25,26.0,3.6,020 km S 71° E of Governor Generoso (Davao Oriental)
276,09 Mar 2017 - 02:35 AM,20.95,122.23,9.0,3.1,043 km N 68° E of Itbayat (Batanes)
277,09 Mar 2017 - 01:57 AM,11.33,125.05,3.0,2.4,006 km N 20° W of Basey (Western Samar)
278,09 Mar 2017 - 01:04 AM,13.53,120.74,99.0,2.1,009 km N 08° E of Abra De Ilog (Occidental Mindoro)
279,09 Mar 2017 - 12:38 AM,6.76,126.23,18.0,3.3,019 km S 05° W of Mati (Davao Oriental)
280,08 Mar 2017 - 09:54 PM,13.83,120.49,92.0,2.5,015 km S 89° W of Calatagan (Batangas)
281,08 Mar 2017 - 08:47 PM,18.29,120.48,29.0,2.1,015 km S 70° W of Pasuquin (Ilocos Norte)
282,08 Mar 2017 - 06:06 PM,4.16,125.83,23.0,4.0,146 km S 16° E of Sarangani (Davao Occidental)
283,08 Mar 2017 - 02:19 AM,17.42,121.05,19.0,2.9,023 km N 84° E of Boliney (Abra)
284,07 Mar 2017 - 02:12 PM,10.11,124.73,10.0,2.9,013 km S 77° W of Maasin (Southern Leyte)
285,07 Mar 2017 - 10:28 AM,9.83,125.41,27.0,2.0,006 km N 08° W of San Francisco (Anao-aon) (Surigao Del Norte)
286,07 Mar 2017 - 08:24 AM,17.65,122.69,32.0,2.6,054 km N 49° E of Divilican (Isabela)
287,07 Mar 2017 - 08:05 AM,12.87,123.57,14.0,3.4,005 km S 38° W of Donsol (Sorsogon)
288,07 Mar 2017 - 07:05 AM,9.89,125.44,24.0,2.2,013 km N 26° W of Surigao City (Surigao del Norte)
289,07 Mar 2017 - 05:47 AM,9.79,125.5,23.0,2.4,001 km S 85° E of Surigao City (Surigao del Norte)
290,07 Mar 2017 - 03:43 AM,10.73,123.09,35.0,2.2,024 km S 09° E of Victorias City (Negros Occidental)
291,07 Mar 2017 - 02:43 AM,13.83,120.85,30.0,2.3,013 km N 51° W of Mabini (Batangas)
292,07 Mar 2017 - 02:38 AM,10.03,124.16,31.0,2.5,008 km S 47° E of Buenavista (Bohol)
293,07 Mar 2017 - 01:44 AM,10.01,125.75,19.0,2.1,019 km N 74° E of Dinagat (Dinagat)
294,06 Mar 2017 - 11:03 PM,7.23,124.31,51.0,4.0,009 km N 72° E of Cotabato City (Maguindanao)
295,06 Mar 2017 - 10:21 PM,9.82,126.34,19.0,2.9,020 km N 77° E of General Luna (Surigao del Norte)
296,06 Mar 2017 - 09:55 PM,9.83,125.5,21.0,2.7,004 km N 11° E of Surigao City (Surigao del Norte)
297,06 Mar 2017 - 09:12 PM,9.79,125.45,29.0,2.2,005 km S 82° W of Surigao City (Surigao del Norte)
298,06 Mar 2017 - 08:02 PM,8.84,126.64,27.0,2.6,039 km S 77° E of Cagwait (Surigao Del Sur)
299,06 Mar 2017 - 07:01 PM,9.88,125.44,11.0,3.5,011 km N 11° E of San Francisco (Anao-aon) (Surigao Del Norte)
300,06 Mar 2017 - 01:00 PM,11.04,124.75,19.0,2.0,015 km N 24° E of Albuera (Leyte)
301,06 Mar 2017 - 09:39 AM,5.55,124.1,532.0,4.2,075 km S 08° W of Palimbang (Sultan Kudarat)
302,06 Mar 2017 - 08:33 AM,18.99,121.55,19.0,3.1,033 km S 16° E of Calayan (Cagayan)
303,06 Mar 2017 - 07:30 AM,14.11,120.4,19.0,2.0,038 km S 14° W of Mariveles (Bataan)
304,06 Mar 2017 - 05:17 AM,9.76,125.33,6.0,3.8,011 km S 80° W of San Francisco (Anao-aon) (Surigao Del Norte)
305,06 Mar 2017 - 03:04 AM,17.74,120.49,31.0,2.2,006 km S 03° E of Cabugao (Ilocos Sur)
306,06 Mar 2017 - 02:46 AM,20.57,121.48,33.0,2.9,049 km N 58° W of Sabtang (Batanes)
307,06 Mar 2017 - 02:31 AM,8.92,122.56,31.0,2.5,054 km S 73° W of Siaton (Negros Oriental)
308,06 Mar 2017 - 01:20 AM,9.98,125.49,32.0,3.0,011 km S 62° W of San Jose (Dinagat)
309,06 Mar 2017 - 12:52 AM,13.75,120.55,127.0,2.8,013 km S 43° W of Calatagan (Batangas)
310,05 Mar 2017 - 11:37 PM,9.12,123.52,11.0,2.5,012 km S 86° W of Lazi (Siquijor)
311,05 Mar 2017 - 11:11 PM,4.35,126.01,22.0,2.6,134 km S 26° E of Sarangani (Davao Occidental)
312,05 Mar 2017 - 11:03 PM,13.7,120.55,97.0,3.2,017 km S 33° W of Calatagan (Batangas)
313,05 Mar 2017 - 10:07 PM,9.99,125.45,17.0,2.7,024 km S 22° W of Libjo (Albor) (Surigao Del Norte)
314,05 Mar 2017 - 08:59 PM,17.21,119.71,23.0,3.3,079 km N 89° W of Candon City (Ilocos Sur)
315,05 Mar 2017 - 06:04 PM,9.85,125.49,23.0,2.9,006 km N 05° W of Surigao City (Surigao Del Norte)
316,05 Mar 2017 - 05:52 PM,13.58,120.76,178.0,3.5,015 km S 54° W of Tingloy (Batangas)
317,05 Mar 2017 - 04:22 PM,10.36,125.01,7.0,2.4,005 km S 60° E of Sogod (Southern Leyte)
318,05 Mar 2017 - 12:14 PM,10.09,125.48,32.0,3.1,012 km N 54° W of San Jose (Dinagat)
319,05 Mar 2017 - 12:06 PM,9.71,125.28,4.0,4.1,025 km S 73° W of Surigao City
320,05 Mar 2017 - 11:18 AM,10.01,125.54,33.0,3.3,004 km S 74° W of San Jose (Dinagat)
321,05 Mar 2017 - 09:14 AM,10.18,125.53,28.0,3.0,002 km S 31° W of Libjo (Albor) (Surigao Del Norte)
322,05 Mar 2017 - 09:11 AM,9.72,125.33,5.0,3.0,012 km S 59° W of San Francisco (Anao-aon) (Surigao Del Norte)
323,05 Mar 2017 - 08:08 AM,9.76,125.38,13.0,5.9,013 km S 82° W of Surigao City
324,05 Mar 2017 - 06:08 AM,15.23,122.96,26.0,2.7,085 km N 48° E of Jomalig (Quezon)
325,04 Mar 2017 - 11:44 PM,12.9,121.03,1.0,2.5,029 km N 76° E of Sablayan (Occidental Mindoro)
326,04 Mar 2017 - 09:05 PM,13.66,120.63,80.0,2.2,019 km S 02° W of Calatagan (Batangas)
327,04 Mar 2017 - 11:36 AM,10.42,126.9,39.0,4.1,101 km N 64° E of Burgos (Surigao Del Norte)
328,04 Mar 2017 - 08:43 AM,15.11,119.91,33.0,2.4,017 km S 71° E of Cabangan (Zambales)
329,04 Mar 2017 - 07:08 AM,4.98,126.2,61.0,3.2,095 km S 58° E of Sarangani (Davao Occidental)
330,04 Mar 2017 - 05:40 AM,10.37,126.44,1.0,2.9,056 km N 46° E of Burgos (Surigao Del Norte)
331,04 Mar 2017 - 04:09 AM,15.48,119.9,26.0,2.6,008 km S 41° W of Masinloc (Zambales)
332,04 Mar 2017 - 01:26 AM,17.52,120.26,10.0,3.2,014 km S 62° W of Vigan (Ilocos Sur)
333,04 Mar 2017 - 12:36 AM,13.76,122.31,6.0,1.9,017 km N 59° E of General Luna (Quezon)
334,03 Mar 2017 - 08:59 PM,15.76,120.37,109.0,3.1,009 km S 67° W of Mangatarem (Pangasinan)
335,03 Mar 2017 - 08:31 PM,9.8,123.93,11.0,2.2,010 km N 33° E of Cortes (Bohol)
336,03 Mar 2017 - 05:01 PM,9.72,123.67,2.0,2.8,015 km S 74° E of Dalaguete (Cebu)
337,03 Mar 2017 - 04:58 PM,9.67,123.73,21.0,2.7,010 km N 16° W of Panglao (Bohol)
338,03 Mar 2017 - 03:10 PM,10.24,125.18,1.0,3.1,003 km S 20° E of Cabalian (San Juan) (Southern Leyte)
339,03 Mar 2017 - 12:45 PM,9.99,125.46,34.0,2.5,013 km S 72° W of San Jose (Dinagat)
340,03 Mar 2017 - 12:10 PM,10.04,125.53,24.0,3.6,017 km S 02° W of Libjo(Albor) (Surigao Del Norte)
341,03 Mar 2017 - 12:01 PM,5.73,127.09,124.0,4.6,152 km S 48° E of Governor Generoso (Davao Oriental)
342,03 Mar 2017 - 11:38 AM,9.87,125.4,4.0,3.0,010 km N 15° W of San Francisco (Anao-aon) (Surigao Del Norte)
343,03 Mar 2017 - 10:00 AM,10.12,124.72,5.0,2.6,013 km S 85° W of Maasin (Southern Leyte)
344,03 Mar 2017 - 09:35 AM,10.39,124.91,33.0,1.9,018 km N 50° E of Matalom (Leyte)
345,03 Mar 2017 - 09:11 AM,10.07,124.71,3.0,2.1,015 km S 65° W of Maasin (Southern Leyte)
346,03 Mar 2017 - 09:02 AM,10.02,124.73,4.0,2.3,017 km S 43° W of Maasin (Southern Leyte)
347,03 Mar 2017 - 08:37 AM,10.1,124.8,1.0,2.6,005 km S 51° W of Maasin (Southern Leyte)
348,03 Mar 2017 - 01:50 AM,9.92,125.53,26.0,2.6,008 km S 53° W of Dinagat (Dinagat)
349,03 Mar 2017 - 12:56 AM,19.03,120.73,16.0,3.7,051 km N 08° W of Pagudpud (Ilocos Norte)
350,02 Mar 2017 - 11:17 PM,10.12,126.14,15.0,3.4,013 km N 34° E of Burgos (Surigao Del Norte)
351,02 Mar 2017 - 08:56 PM,9.7,122.69,53.0,3.0,016 km S 41° E of Candoni (Negros Occidental)
352,02 Mar 2017 - 09:27 AM,20.31,120.31,53.0,4.1,163 km S 89° W of Sabtang (Batanes)
353,02 Mar 2017 - 08:35 AM,14.39,120.36,26.0,2.0,014 km S 69° W of Mariveles (Bataan)
354,02 Mar 2017 - 07:11 AM,6.8,126.16,74.0,2.7,010 km N 65° E of San Isidro (Davao Oriental)
355,02 Mar 2017 - 07:07 AM,9.26,123.01,6.0,3.4,018 km S 65° E of Santa Catalina (Negros Oriental)
356,02 Mar 2017 - 06:36 AM,16.41,122.31,19.0,2.8,011 km N 78° E of Dilasag (Aurora)
357,02 Mar 2017 - 01:30 AM,5.57,126.55,21.0,3.4,109 km S 71° E of Jose Abad Santos (Davao Occidental)
358,01 Mar 2017 - 10:21 PM,13.19,121.15,10.0,2.6,014 km S 86° W of Victoria (Oriental Mindoro)
359,01 Mar 2017 - 09:34 PM,16.65,119.92,26.0,2.8,029 km N 07° E of Bolinao (Pangasinan)
360,01 Mar 2017 - 08:47 PM,9.83,125.4,27.0,2.3,011 km N 65° W of Surigao City (Surigao Del Norte)
361,01 Mar 2017 - 07:37 PM,10.01,125.36,2.0,3.1,024 km S 88° W of San Jose (Dinagat)
362,01 Mar 2017 - 07:31 PM,17.78,120.46,22.0,3.6,004 km S 59° W of Cabugao (Ilocos Sur)
363,01 Mar 2017 - 03:01 PM,11.91,126.29,34.0,3.9,089 km S 81° E of Dolores (Eastern Samar)
364,01 Mar 2017 - 01:10 PM,13.84,120.53,116.0,3.3,011 km N 85° W of Calatagan (Batangas)
365,01 Mar 2017 - 04:51 AM,12.37,125.76,20.0,2.4,035 km N 53° E of San Policarpo (Eastern Samar)
366,01 Mar 2017 - 02:30 AM,16.09,122.15,12.0,2.2,021 km S 06° E of Casiguran (Aurora)
367,01 Mar 2017 - 01:28 AM,15.32,122.39,33.0,2.0,064 km N 18° E of Patnanungan (Quezon)
